"OID","Country or Area","Year","Description","Magnitude","Value"
"91161...ZF...","ARMENIA","2007","GOVERNMENT BOND YIELD","PERCENT PER ANNU","6.56222"
"91161...ZF...","ARMENIA","2006","GOVERNMENT BOND YIELD","PERCENT PER ANNU","5.85693"
"91161...ZF...","ARMENIA","2005","GOVERNMENT BOND YIELD","PERCENT PER ANNU","5.18325"
"91161...ZF...","ARMENIA","2004","GOVERNMENT BOND YIELD","PERCENT PER ANNU","8.20862"
"91161...ZF...","ARMENIA","2003","GOVERNMENT BOND YIELD","PERCENT PER ANNU","15.7142"
"91161...ZF...","ARMENIA","2002","GOVERNMENT BOND YIELD","PERCENT PER ANNU","17.442"
"91161...ZF...","ARMENIA","2001","GOVERNMENT BOND YIELD","PERCENT PER ANNU","23.1503"
"91161...ZF...","ARMENIA","2000","GOVERNMENT BOND YIELD","PERCENT PER ANNU","25.5117"
"19361A..ZF...","AUSTRALIA","2009","TREASURY BONDS: 3 YEARS","PERCENT PER ANNU","4.25958"
"19361...ZF...","AUSTRALIA","2009","TREASURY BONDS: 15 YEARS","PERCENT PER ANNU","5.09383"
"19361A..ZF...","AUSTRALIA","2008","TREASURY BONDS: 3 YEARS","PERCENT PER ANNU","5.6275"
"19361...ZF...","AUSTRALIA","2008","TREASURY BONDS: 15 YEARS","PERCENT PER ANNU","5.72833"
"19361A..ZF...","AUSTRALIA","2007","TREASURY BONDS: 3 YEARS","PERCENT PER ANNU","6.3275"
"19361...ZF...","AUSTRALIA","2007","TREASURY BONDS: 15 YEARS","PERCENT PER ANNU","6.02417"
"19361A..ZF...","AUSTRALIA","2006","TREASURY BONDS: 3 YEARS","PERCENT PER ANNU","5.71458"
"19361...ZF...","AUSTRALIA","2006","TREASURY BONDS: 15 YEARS","PERCENT PER ANNU","5.61667"
"19361A..ZF...","AUSTRALIA","2005","TREASURY BONDS: 3 YEARS","PERCENT PER ANNU","5.26875"
"19361...ZF...","AUSTRALIA","2005","TREASURY BONDS: 15 YEARS","PERCENT PER ANNU","5.32042"
"19361A..ZF...","AUSTRALIA","2004","TREASURY BONDS: 3 YEARS","PERCENT PER ANNU","5.30042"
"19361...ZF...","AUSTRALIA","2004","TREASURY BONDS: 15 YEARS","PERCENT PER ANNU","5.60958"
"19361A..ZF...","AUSTRALIA","2003","TREASURY BONDS: 3 YEARS","PERCENT PER ANNU","4.89708"
"19361...ZF...","AUSTRALIA","2003","TREASURY BONDS: 15 YEARS","PERCENT PER ANNU","5.35875"
"19361A..ZF...","AUSTRALIA","2002","TREASURY BONDS: 3 YEARS","PERCENT PER ANNU","5.30292"
"19361...ZF...","AUSTRALIA","2002","TREASURY BONDS: 15 YEARS","PERCENT PER ANNU","5.82167"
"19361A..ZF...","AUSTRALIA","2001","TREASURY BONDS: 3 YEARS","PERCENT PER ANNU","4.96875"
"19361...ZF...","AUSTRALIA","2001","TREASURY BONDS: 15 YEARS","PERCENT PER ANNU","5.63417"
"19361A..ZF...","AUSTRALIA","2000","TREASURY BONDS: 3 YEARS","PERCENT PER ANNU","6.18125"
"19361...ZF...","AUSTRALIA","2000","TREASURY BONDS: 15 YEARS","PERCENT PER ANNU","6.26"
"12261...ZF...","AUSTRIA","2009","GOVERNMENT BOND YIELD","PERCENT PER ANNU","3.71417"
"12261...ZF...","AUSTRIA","2008","GOVERNMENT BOND YIELD","PERCENT PER ANNU","4.25917"
"12261...ZF...","AUSTRIA","2007","GOVERNMENT BOND YIELD","PERCENT PER ANNU","4.295"
"12261...ZF...","AUSTRIA","2006","GOVERNMENT BOND YIELD","PERCENT PER ANNU","3.79667"
"12261...ZF...","AUSTRIA","2005","GOVERNMENT BOND YIELD","PERCENT PER ANNU","3.38667"
"12261...ZF...","AUSTRIA","2004","GOVERNMENT BOND YIELD","PERCENT PER ANNU","4.15083"
"12261...ZF...","AUSTRIA","2003","GOVERNMENT BOND YIELD","PERCENT PER ANNU","4.15333"
"12261...ZF...","AUSTRIA","2002","GOVERNMENT BOND YIELD","PERCENT PER ANNU","4.96667"
"12261...ZF...","AUSTRIA","2001","GOVERNMENT BOND YIELD","PERCENT PER ANNU","5.07417"
"12261...ZF...","AUSTRIA","2000","GOVERNMENT BOND YIELD","PERCENT PER ANNU","5.55667"
"12461...ZF...","BELGIUM","2009","GOVERNMENT BOND YIELD","PERCENT PER ANNU","3.90167"
"12461...ZF...","BELGIUM","2008","GOVERNMENT BOND YIELD","PERCENT PER ANNU","4.4175"
"12461...ZF...","BELGIUM","2007","GOVERNMENT BOND YIELD","PERCENT PER ANNU","4.32833"
"12461...ZF...","BELGIUM","2006","GOVERNMENT BOND YIELD","PERCENT PER ANNU","3.815"
"12461...ZF...","BELGIUM","2005","GOVERNMENT BOND YIELD","PERCENT PER ANNU","3.42833"
"12461...ZF...","BELGIUM","2004","GOVERNMENT BOND YIELD","PERCENT PER ANNU","4.1525"
"12461...ZF...","BELGIUM","2003","GOVERNMENT BOND YIELD","PERCENT PER ANNU","4.18083"
"12461...ZF...","BELGIUM","2002","GOVERNMENT BOND YIELD","PERCENT PER ANNU","4.98667"
"12461...ZF...","BELGIUM","2001","GOVERNMENT BOND YIELD","PERCENT PER ANNU","5.13083"
"12461...ZF...","BELGIUM","2000","GOVERNMENT BOND YIELD","PERCENT PER ANNU","5.5925"
"61661...ZF...","BOTSWANA","2009","GOV. BONDS: 10 YEARS","PERCENT PER ANNU","8.62896"
"61661...ZF...","BOTSWANA","2008","GOV. BONDS: 10 YEARS","PERCENT PER ANNU","10.1892"
"61661...ZF...","BOTSWANA","2007","GOV. BONDS: 10 YEARS","PERCENT PER ANNU","10.7344"
"61661...ZF...","BOTSWANA","2006","GOV. BONDS: 10 YEARS","PERCENT PER ANNU","11.5964"
"61661...ZF...","BOTSWANA","2005","GOV. BONDS: 10 YEARS","PERCENT PER ANNU","9.49"
"61661...ZF...","BOTSWANA","2004","GOV. BONDS: 10 YEARS","PERCENT PER ANNU","10.0667"
"61661...ZF...","BOTSWANA","2003","GOV. BONDS: 10 YEARS","PERCENT PER ANNU","10.4643"
"91861...ZF...","BULGARIA","2009","GOVERNMENT BOND YEILD","PERCENT PER ANNU","7.215"
"91861...ZF...","BULGARIA","2008","GOVERNMENT BOND YEILD","PERCENT PER ANNU","5.37667"
"91861...ZF...","BULGARIA","2007","GOVERNMENT BOND YEILD","PERCENT PER ANNU","4.53917"
"91861...ZF...","BULGARIA","2006","GOVERNMENT BOND YEILD","PERCENT PER ANNU","4.18333"
"91861...ZF...","BULGARIA","2005","GOVERNMENT BOND YEILD","PERCENT PER ANNU","3.87417"
"91861...ZF...","BULGARIA","2004","GOVERNMENT BOND YEILD","PERCENT PER ANNU","5.36"
"91861...ZF...","BULGARIA","2003","GOVERNMENT BOND YEILD","PERCENT PER ANNU","6.44667"
"91861...ZF...","BULGARIA","2002","GOVERNMENT BOND YEILD","PERCENT PER ANNU","6.74583"
"91861...ZF...","BULGARIA","2001","GOVERNMENT BOND YEILD","PERCENT PER ANNU","6.7025"
"91861...ZF...","BULGARIA","2000","GOVERNMENT BOND YEILD","PERCENT PER ANNU","7.37583"
"15661A..ZF...","CANADA","2009","GOVT BOND YIELD 3-5 YEARS","PERCENT PER ANNU","2.15333"
"15661...ZF...","CANADA","2009","GOVERNMENT BOND YIELD > 10 YRS.","PERCENT PER ANNU","3.89083"
"15661A..ZF...","CANADA","2008","GOVT BOND YIELD 3-5 YEARS","PERCENT PER ANNU","2.95583"
"15661...ZF...","CANADA","2008","GOVERNMENT BOND YIELD > 10 YRS.","PERCENT PER ANNU","4.04"
"15661A..ZF...","CANADA","2007","GOVT BOND YIELD 3-5 YEARS","PERCENT PER ANNU","4.2125"
"15661...ZF...","CANADA","2007","GOVERNMENT BOND YIELD > 10 YRS.","PERCENT PER ANNU","4.335"
"15661A..ZF...","CANADA","2006","GOVT BOND YIELD 3-5 YEARS","PERCENT PER ANNU","4.10083"
"15661...ZF...","CANADA","2006","GOVERNMENT BOND YIELD > 10 YRS.","PERCENT PER ANNU","4.29917"
"15661A..ZF...","CANADA","2005","GOVT BOND YIELD 3-5 YEARS","PERCENT PER ANNU","3.50417"
"15661...ZF...","CANADA","2005","GOVERNMENT BOND YIELD > 10 YRS.","PERCENT PER ANNU","4.38583"
"15661A..ZF...","CANADA","2004","GOVT BOND YIELD 3-5 YEARS","PERCENT PER ANNU","3.665"
"15661...ZF...","CANADA","2004","GOVERNMENT BOND YIELD > 10 YRS.","PERCENT PER ANNU","5.08083"
"15661A..ZF...","CANADA","2003","GOVT BOND YIELD 3-5 YEARS","PERCENT PER ANNU","3.87583"
"15661...ZF...","CANADA","2003","GOVERNMENT BOND YIELD > 10 YRS.","PERCENT PER ANNU","5.27833"
"15661A..ZF...","CANADA","2002","GOVT BOND YIELD 3-5 YEARS","PERCENT PER ANNU","4.4425"
"15661...ZF...","CANADA","2002","GOVERNMENT BOND YIELD > 10 YRS.","PERCENT PER ANNU","5.66167"
"15661A..ZF...","CANADA","2001","GOVT BOND YIELD 3-5 YEARS","PERCENT PER ANNU","4.87917"
"15661...ZF...","CANADA","2001","GOVERNMENT BOND YIELD > 10 YRS.","PERCENT PER ANNU","5.7825"
"15661A..ZF...","CANADA","2000","GOVT BOND YIELD 3-5 YEARS","PERCENT PER ANNU","5.99"
"15661...ZF...","CANADA","2000","GOVERNMENT BOND YIELD > 10 YRS.","PERCENT PER ANNU","5.88583"
"42361...ZF...","CYPRUS","2009","GOVT. BOND YIELD","PERCENT PER ANNU","4.6"
"42361...ZF...","CYPRUS","2008","GOVT. BOND YIELD","PERCENT PER ANNU","4.6"
"42361...ZF...","CYPRUS","2007","GOVT. BOND YIELD","PERCENT PER ANNU","4.475"
"42361...ZF...","CYPRUS","2006","GOVT. BOND YIELD","PERCENT PER ANNU","4.13417"
"42361...ZF...","CYPRUS","2005","GOVT. BOND YIELD","PERCENT PER ANNU","5.16167"
"42361...ZF...","CYPRUS","2004","GOVT. BOND YIELD","PERCENT PER ANNU","5.7975"
"42361...ZF...","CYPRUS","2003","GOVT. BOND YIELD","PERCENT PER ANNU","4.74333"
"42361...ZF...","CYPRUS","2002","GOVT. BOND YIELD","PERCENT PER ANNU","5.69667"
"42361...ZF...","CYPRUS","2001","GOVT. BOND YIELD","PERCENT PER ANNU","7.625"
"93561...ZF...","CZECH REPUBLIC","2009","GOVERNMENT BOND YIELD","PERCENT PER ANNU","3.98"
"93561...ZF...","CZECH REPUBLIC","2008","GOVERNMENT BOND YIELD","PERCENT PER ANNU","4.3"
"93561...ZF...","CZECH REPUBLIC","2007","GOVERNMENT BOND YIELD","PERCENT PER ANNU","4.65"
"93561...ZF...","CZECH REPUBLIC","2006","GOVERNMENT BOND YIELD","PERCENT PER ANNU","3.68"
"93561...ZF...","CZECH REPUBLIC","2005","GOVERNMENT BOND YIELD","PERCENT PER ANNU","3.61"
"93561...ZF...","CZECH REPUBLIC","2004","GOVERNMENT BOND YIELD","PERCENT PER ANNU","4.05"
"93561...ZF...","CZECH REPUBLIC","2003","GOVERNMENT BOND YIELD","PERCENT PER ANNU","4.82"
"93561...ZF...","CZECH REPUBLIC","2002","GOVERNMENT BOND YIELD","PERCENT PER ANNU","4.15"
"93561...ZF...","CZECH REPUBLIC","2001","GOVERNMENT BOND YIELD","PERCENT PER ANNU","5.43"
"93561...ZF...","CZECH REPUBLIC","2000","GOVERNMENT BOND YIELD","PERCENT PER ANNU","7.38"
"12861A..ZF...","DENMARK","2009","MORTGAGE BOND YIELD","PERCENT PER ANNU","5.08583"
"12861...ZF...","DENMARK","2009","GOVERNMENT BOND YIELD","PERCENT PER ANNU","3.5875"
"12861A..ZF...","DENMARK","2008","MORTGAGE BOND YIELD","PERCENT PER ANNU","5.62333"
"12861...ZF...","DENMARK","2008","GOVERNMENT BOND YIELD","PERCENT PER ANNU","4.28167"
"12861A..ZF...","DENMARK","2007","MORTGAGE BOND YIELD","PERCENT PER ANNU","5.12417"
"12861...ZF...","DENMARK","2007","GOVERNMENT BOND YIELD","PERCENT PER ANNU","4.28583"
"12861A..ZF...","DENMARK","2006","MORTGAGE BOND YIELD","PERCENT PER ANNU","4.62394"
"12861...ZF...","DENMARK","2006","GOVERNMENT BOND YIELD","PERCENT PER ANNU","3.81167"
"12861A..ZF...","DENMARK","2005","MORTGAGE BOND YIELD","PERCENT PER ANNU","4.58771"
"12861...ZF...","DENMARK","2005","GOVERNMENT BOND YIELD","PERCENT PER ANNU","3.40417"
"12861A..ZF...","DENMARK","2004","MORTGAGE BOND YIELD","PERCENT PER ANNU","5.0075"
"12861...ZF...","DENMARK","2004","GOVERNMENT BOND YIELD","PERCENT PER ANNU","4.305"
"12861A..ZF...","DENMARK","2003","MORTGAGE BOND YIELD","PERCENT PER ANNU","5.16"
"12861...ZF...","DENMARK","2003","GOVERNMENT BOND YIELD","PERCENT PER ANNU","4.30833"
"12861A..ZF...","DENMARK","2002","MORTGAGE BOND YIELD","PERCENT PER ANNU","6.1325"
"12861...ZF...","DENMARK","2002","GOVERNMENT BOND YIELD","PERCENT PER ANNU","5.05583"
"12861...ZF...","DENMARK","2001","GOVERNMENT BOND YIELD","PERCENT PER ANNU","5.07917"
"12861A..ZF...","DENMARK","2000","MORTGAGE BOND YIELD","PERCENT PER ANNU","7.05596"
"12861...ZF...","DENMARK","2000","GOVERNMENT BOND YIELD","PERCENT PER ANNU","5.64167"
"93961...ZF...","ESTONIA","2009","LONG-TERM LOAN RATE","PERCENT PER ANNU","7.77833"
"93961...ZF...","ESTONIA","2008","LONG-TERM LOAN RATE","PERCENT PER ANNU","8.16417"
"93961...ZF...","ESTONIA","2007","LONG-TERM LOAN RATE","PERCENT PER ANNU","5.62833"
"93961...ZF...","ESTONIA","2006","LONG-TERM LOAN RATE","PERCENT PER ANNU","4.30333"
"93961...ZF...","ESTONIA","2005","LONG-TERM LOAN RATE","PERCENT PER ANNU","3.9825"
"93961...ZF...","ESTONIA","2004","LONG-TERM LOAN RATE","PERCENT PER ANNU","4.38833"
"93961...ZF...","ESTONIA","2003","LONG-TERM LOAN RATE","PERCENT PER ANNU","5.24583"
"93961...ZF...","ESTONIA","2002","LONG-TERM LOAN RATE","PERCENT PER ANNU","8.41833"
"93961...ZF...","ESTONIA","2001","LONG-TERM LOAN RATE","PERCENT PER ANNU","10.1533"
"93961...ZF...","ESTONIA","2000","LONG-TERM LOAN RATE","PERCENT PER ANNU","10.4833"
"64461...ZF...","ETHIOPIA","2008","GOVERNMENT BOND YIELD","PERCENT PER ANNU","4"
"64461...ZF...","ETHIOPIA","2007","GOVERNMENT BOND YIELD","PERCENT PER ANNU","4"
"64461...ZF...","ETHIOPIA","2006","GOVERNMENT BOND YIELD","PERCENT PER ANNU","4"
"64461...ZF...","ETHIOPIA","2005","GOVERNMENT BOND YIELD","PERCENT PER ANNU","3.97619"
"64461...ZF...","ETHIOPIA","2004","GOVERNMENT BOND YIELD","PERCENT PER ANNU","3.91488"
"64461...ZF...","ETHIOPIA","2003","GOVERNMENT BOND YIELD","PERCENT PER ANNU","3.05"
"16361...ZF...","EURO AREA","2009","GOVERNMENT BOND YIELD","PERCENT PER ANNU","4.0301"
"16361...ZF...","EURO AREA","2008","GOVERNMENT BOND YIELD","PERCENT PER ANNU","4.35503"
"16361...ZF...","EURO AREA","2007","GOVERNMENT BOND YIELD","PERCENT PER ANNU","4.33177"
"16361...ZF...","EURO AREA","2006","GOVERNMENT BOND YIELD","PERCENT PER ANNU","3.85952"
"16361...ZF...","EURO AREA","2005","GOVERNMENT BOND YIELD","PERCENT PER ANNU","3.44087"
"16361...ZF...","EURO AREA","2004","GOVERNMENT BOND YIELD","PERCENT PER ANNU","4.14079"
"16361...ZF...","EURO AREA","2003","GOVERNMENT BOND YIELD","PERCENT PER ANNU","4.16086"
"16361...ZF...","EURO AREA","2002","GOVERNMENT BOND YIELD","PERCENT PER ANNU","4.92291"
"16361...ZF...","EURO AREA","2001","GOVERNMENT BOND YIELD","PERCENT PER ANNU","5.0273"
"16361...ZF...","EURO AREA","2000","GOVERNMENT BOND YIELD","PERCENT PER ANNU","5.43887"
"81961...ZF...","FIJI","2008","AVG SHT TRM GOVT BONDS RATE","PERCENT PER ANNU","5.91083"
"81961...ZF...","FIJI","2007","AVG SHT TRM GOVT BONDS RATE","PERCENT PER ANNU","6.87"
"81961...ZF...","FIJI","2006","AVG SHT TRM GOVT BONDS RATE","PERCENT PER ANNU","5.75"
"81961...ZF...","FIJI","2005","AVG SHT TRM GOVT BONDS RATE","PERCENT PER ANNU","2.76068"
"81961...ZF...","FIJI","2004","AVG SHT TRM GOVT BONDS RATE","PERCENT PER ANNU","2.56348"
"81961...ZF...","FIJI","2003","AVG SHT TRM GOVT BONDS RATE","PERCENT PER ANNU","3.26958"
"81961...ZF...","FIJI","2002","AVG SHT TRM GOVT BONDS RATE","PERCENT PER ANNU","4.27917"
"81961...ZF...","FIJI","2001","AVG SHT TRM GOVT BONDS RATE","PERCENT PER ANNU","4.7875"
"81961...ZF...","FIJI","2000","AVG SHT TRM GOVT BONDS RATE","PERCENT PER ANNU","5.56567"
"17261...ZF...","FINLAND","2009","GOVERNMENT BOND YIELD","PERCENT PER ANNU","3.73885"
"17261...ZF...","FINLAND","2008","GOVERNMENT BOND YIELD","PERCENT PER ANNU","4.28973"
"17261...ZF...","FINLAND","2007","GOVERNMENT BOND YIELD","PERCENT PER ANNU","4.29255"
"17261...ZF...","FINLAND","2006","GOVERNMENT BOND YIELD","PERCENT PER ANNU","3.78333"
"17261...ZF...","FINLAND","2005","GOVERNMENT BOND YIELD","PERCENT PER ANNU","3.35167"
"17261...ZF...","FINLAND","2004","GOVERNMENT BOND YIELD","PERCENT PER ANNU","4.11"
"17261...ZF...","FINLAND","2003","GOVERNMENT BOND YIELD","PERCENT PER ANNU","4.13417"
"17261...ZF...","FINLAND","2002","GOVERNMENT BOND YIELD","PERCENT PER ANNU","4.98083"
"17261...ZF...","FINLAND","2001","GOVERNMENT BOND YIELD","PERCENT PER ANNU","5.04333"
"17261...ZF...","FINLAND","2000","GOVERNMENT BOND YIELD","PERCENT PER ANNU","5.48333"
"13261...ZF...","FRANCE","2009","GOVERNMENT BOND YIELD","PERCENT PER ANNU","3.64919"
"13261...ZF...","FRANCE","2008","GOVERNMENT BOND YIELD","PERCENT PER ANNU","4.23417"
"13261...ZF...","FRANCE","2007","GOVERNMENT BOND YIELD","PERCENT PER ANNU","4.30417"
"13261...ZF...","FRANCE","2006","GOVERNMENT BOND YIELD","PERCENT PER ANNU","3.79667"
"13261...ZF...","FRANCE","2005","GOVERNMENT BOND YIELD","PERCENT PER ANNU","3.41"
"13261...ZF...","FRANCE","2004","GOVERNMENT BOND YIELD","PERCENT PER ANNU","4.09833"
"13261...ZF...","FRANCE","2003","GOVERNMENT BOND YIELD","PERCENT PER ANNU","4.13"
"13261...ZF...","FRANCE","2002","GOVERNMENT BOND YIELD","PERCENT PER ANNU","4.86"
"13261...ZF...","FRANCE","2001","GOVERNMENT BOND YIELD","PERCENT PER ANNU","4.93917"
"13261...ZF...","FRANCE","2000","GOVERNMENT BOND YIELD","PERCENT PER ANNU","5.39417"
"13461...ZF...","GERMANY","2009","GOVERNMENT BOND YIELD","PERCENT PER ANNU","3.2225"
"13461...ZF...","GERMANY","2008","GOVERNMENT BOND YIELD","PERCENT PER ANNU","3.985"
"13461...ZF...","GERMANY","2007","GOVERNMENT BOND YIELD","PERCENT PER ANNU","4.21667"
"13461...ZF...","GERMANY","2006","GOVERNMENT BOND YIELD","PERCENT PER ANNU","3.7625"
"13461...ZF...","GERMANY","2005","GOVERNMENT BOND YIELD","PERCENT PER ANNU","3.35333"
"13461...ZF...","GERMANY","2004","GOVERNMENT BOND YIELD","PERCENT PER ANNU","4.03667"
"13461...ZF...","GERMANY","2003","GOVERNMENT BOND YIELD","PERCENT PER ANNU","4.07083"
"13461...ZF...","GERMANY","2002","GOVERNMENT BOND YIELD","PERCENT PER ANNU","4.7825"
"13461...ZF...","GERMANY","2001","GOVERNMENT BOND YIELD","PERCENT PER ANNU","4.7975"
"13461...ZF...","GERMANY","2000","GOVERNMENT BOND YIELD","PERCENT PER ANNU","5.26333"
"65261...ZF...","GHANA","2008","GOVERNMENT BOND YIELD","PERCENT PER ANNU","14.8883"
"65261...ZF...","GHANA","2007","GOVERNMENT BOND YIELD","PERCENT PER ANNU","12.7064"
"65261...ZF...","GHANA","2006","GOVERNMENT BOND YIELD","PERCENT PER ANNU","16.4222"
"65261...ZF...","GHANA","2005","GOVERNMENT BOND YIELD","PERCENT PER ANNU","20.5375"
"65261...ZF...","GHANA","2004","GOVERNMENT BOND YIELD","PERCENT PER ANNU","21.5"
"17461...ZF...","GREECE","2009","GOVERNMENT BOND YIELD","PERCENT PER ANNU","5.17417"
"17461...ZF...","GREECE","2008","GOVERNMENT BOND YIELD","PERCENT PER ANNU","4.8025"
"17461...ZF...","GREECE","2007","GOVERNMENT BOND YIELD","PERCENT PER ANNU","4.5"
"17461...ZF...","GREECE","2006","GOVERNMENT BOND YIELD","PERCENT PER ANNU","4.07"
"17461...ZF...","GREECE","2005","GOVERNMENT BOND YIELD","PERCENT PER ANNU","3.585"
"17461...ZF...","GREECE","2004","GOVERNMENT BOND YIELD","PERCENT PER ANNU","4.25583"
"17461...ZF...","GREECE","2003","GOVERNMENT BOND YIELD","PERCENT PER ANNU","4.2675"
"17461...ZF...","GREECE","2002","GOVERNMENT BOND YIELD","PERCENT PER ANNU","5.1225"
"17461...ZF...","GREECE","2001","GOVERNMENT BOND YIELD","PERCENT PER ANNU","5.30333"
"17461...ZF...","GREECE","2000","GOVERNMENT BOND YIELD","PERCENT PER ANNU","6.1"
"26861...ZF...","HONDURAS","2007","GOVERNMENT BOND YIELD","PERCENT PER ANNU","7.69902"
"26861...ZF...","HONDURAS","2006","GOVERNMENT BOND YIELD","PERCENT PER ANNU","7.86738"
"26861...ZF...","HONDURAS","2005","GOVERNMENT BOND YIELD","PERCENT PER ANNU","11.3158"
"26861...ZF...","HONDURAS","2004","GOVERNMENT BOND YIELD","PERCENT PER ANNU","11.6717"
"26861...ZF...","HONDURAS","2003","GOVERNMENT BOND YIELD","PERCENT PER ANNU","11.2592"
"26861...ZF...","HONDURAS","2002","GOVERNMENT BOND YIELD","PERCENT PER ANNU","11.97"
"26861...ZF...","HONDURAS","2001","GOVERNMENT BOND YIELD","PERCENT PER ANNU","15.275"
"26861...ZF...","HONDURAS","2000","GOVERNMENT BOND YIELD","PERCENT PER ANNU","14.7867"
"94461...ZF...","HUNGARY","2009","GOVERNMENT BOND YIELD","PERCENT PER ANNU","9.12333"
"94461...ZF...","HUNGARY","2008","GOVERNMENT BOND YIELD","PERCENT PER ANNU","8.23833"
"94461...ZF...","HUNGARY","2007","GOVERNMENT BOND YIELD","PERCENT PER ANNU","6.74417"
"94461...ZF...","HUNGARY","2006","GOVERNMENT BOND YIELD","PERCENT PER ANNU","7.11583"
"94461...ZF...","HUNGARY","2005","GOVERNMENT BOND YIELD","PERCENT PER ANNU","6.59917"
"94461...ZF...","HUNGARY","2004","GOVERNMENT BOND YIELD","PERCENT PER ANNU","8.18917"
"94461...ZF...","HUNGARY","2003","GOVERNMENT BOND YIELD","PERCENT PER ANNU","6.82333"
"94461...ZF...","HUNGARY","2002","GOVERNMENT BOND YIELD","PERCENT PER ANNU","7.085"
"94461...ZF...","HUNGARY","2001","GOVERNMENT BOND YIELD","PERCENT PER ANNU","7.945"
"17661...ZF...","ICELAND","2009","GOVERNMENT BOND YIELD - 10 YEAR IND.","PERCENT PER ANNU","8.34407"
"17661...ZF...","ICELAND","2006","GOVERNMENT BOND YIELD - 10 YEAR IND.","PERCENT PER ANNU","4.38216"
"17661...ZF...","ICELAND","2005","GOVERNMENT BOND YIELD - 10 YEAR IND.","PERCENT PER ANNU","3.68016"
"17661...ZF...","ICELAND","2004","GOVERNMENT BOND YIELD - 10 YEAR IND.","PERCENT PER ANNU","3.87667"
"17661...ZF...","ICELAND","2003","GOVERNMENT BOND YIELD - 10 YEAR IND.","PERCENT PER ANNU","4.41417"
"17661...ZF...","ICELAND","2002","GOVERNMENT BOND YIELD - 10 YEAR IND.","PERCENT PER ANNU","5.2325"
"17661...ZF...","ICELAND","2001","GOVERNMENT BOND YIELD - 10 YEAR IND.","PERCENT PER ANNU","5.32833"
"17661...ZF...","ICELAND","2000","GOVERNMENT BOND YIELD - 10 YEAR IND.","PERCENT PER ANNU","5.34917"
"17861...ZF...","IRELAND","2009","GOVERNMENT BOND YIELD","PERCENT PER ANNU","5.225"
"17861...ZF...","IRELAND","2008","GOVERNMENT BOND YIELD","PERCENT PER ANNU","4.52583"
"17861...ZF...","IRELAND","2007","GOVERNMENT BOND YIELD","PERCENT PER ANNU","4.30583"
"17861...ZF...","IRELAND","2006","GOVERNMENT BOND YIELD","PERCENT PER ANNU","3.765"
"17861...ZF...","IRELAND","2005","GOVERNMENT BOND YIELD","PERCENT PER ANNU","3.32917"
"17861...ZF...","IRELAND","2004","GOVERNMENT BOND YIELD","PERCENT PER ANNU","4.07667"
"17861...ZF...","IRELAND","2003","GOVERNMENT BOND YIELD","PERCENT PER ANNU","4.1325"
"17861...ZF...","IRELAND","2002","GOVERNMENT BOND YIELD","PERCENT PER ANNU","5.01"
"17861...ZF...","IRELAND","2001","GOVERNMENT BOND YIELD","PERCENT PER ANNU","5.01167"
"17861...ZF...","IRELAND","2000","GOVERNMENT BOND YIELD","PERCENT PER ANNU","5.5125"
"13661B..ZF...","ITALY","2009","GOVT BOND YIELD: MEDIUM-TERM","PERCENT PER ANNU","3.165"
"13661...ZF...","ITALY","2009","GOVERNMENT BOND YIELD","PERCENT PER ANNU","4.31333"
"13661B..ZF...","ITALY","2008","GOVT BOND YIELD: MEDIUM-TERM","PERCENT PER ANNU","4.28593"
"13661...ZF...","ITALY","2008","GOVERNMENT BOND YIELD","PERCENT PER ANNU","4.68023"
"13661B..ZF...","ITALY","2007","GOVT BOND YIELD: MEDIUM-TERM","PERCENT PER ANNU","4.27399"
"13661...ZF...","ITALY","2007","GOVERNMENT BOND YIELD","PERCENT PER ANNU","4.48732"
"13661B..ZF...","ITALY","2006","GOVT BOND YIELD: MEDIUM-TERM","PERCENT PER ANNU","3.71039"
"13661...ZF...","ITALY","2006","GOVERNMENT BOND YIELD","PERCENT PER ANNU","4.04667"
"13661B..ZF...","ITALY","2005","GOVT BOND YIELD: MEDIUM-TERM","PERCENT PER ANNU","2.9011"
"13661...ZF...","ITALY","2005","GOVERNMENT BOND YIELD","PERCENT PER ANNU","3.555"
"13661B..ZF...","ITALY","2004","GOVT BOND YIELD: MEDIUM-TERM","PERCENT PER ANNU","3.33918"
"13661...ZF...","ITALY","2004","GOVERNMENT BOND YIELD","PERCENT PER ANNU","4.25833"
"13661B..ZF...","ITALY","2003","GOVT BOND YIELD: MEDIUM-TERM","PERCENT PER ANNU","3.35935"
"13661...ZF...","ITALY","2003","GOVERNMENT BOND YIELD","PERCENT PER ANNU","4.2475"
"13661B..ZF...","ITALY","2002","GOVT BOND YIELD: MEDIUM-TERM","PERCENT PER ANNU","4.48364"
"13661...ZF...","ITALY","2002","GOVERNMENT BOND YIELD","PERCENT PER ANNU","5.03583"
"13661B..ZF...","ITALY","2001","GOVT BOND YIELD: MEDIUM-TERM","PERCENT PER ANNU","4.63924"
"13661...ZF...","ITALY","2001","GOVERNMENT BOND YIELD","PERCENT PER ANNU","5.18917"
"13661B..ZF...","ITALY","2000","GOVT BOND YIELD: MEDIUM-TERM","PERCENT PER ANNU","5.28592"
"13661...ZF...","ITALY","2000","GOVERNMENT BOND YIELD","PERCENT PER ANNU","5.57583"
"15861...ZF...","JAPAN","2009","GOVENMENT BOND YIELD","PERCENT PER ANNU","1.3425"
"15861...ZF...","JAPAN","2008","GOVENMENT BOND YIELD","PERCENT PER ANNU","1.44917"
"15861...ZF...","JAPAN","2007","GOVENMENT BOND YIELD","PERCENT PER ANNU","1.65292"
"15861...ZF...","JAPAN","2006","GOVENMENT BOND YIELD","PERCENT PER ANNU","1.73125"
"15861...ZF...","JAPAN","2005","GOVENMENT BOND YIELD","PERCENT PER ANNU","1.35958"
"15861...ZF...","JAPAN","2004","GOVENMENT BOND YIELD","PERCENT PER ANNU","1.49917"
"15861...ZF...","JAPAN","2003","GOVENMENT BOND YIELD","PERCENT PER ANNU","1.01167"
"15861...ZF...","JAPAN","2002","GOVENMENT BOND YIELD","PERCENT PER ANNU","1.25"
"15861...ZF...","JAPAN","2001","GOVENMENT BOND YIELD","PERCENT PER ANNU","1.32958"
"15861...ZF...","JAPAN","2000","GOVENMENT BOND YIELD","PERCENT PER ANNU","1.7475"
"54261...ZF...","KOREA, REPUBLIC OF","2009","YLD.ON NAT'L HOUSING BONDS,1&2","PERCENT PER ANNU","5.10083"
"54261...ZF...","KOREA, REPUBLIC OF","2008","YLD.ON NAT'L HOUSING BONDS,1&2","PERCENT PER ANNU","5.79083"
"54261...ZF...","KOREA, REPUBLIC OF","2007","YLD.ON NAT'L HOUSING BONDS,1&2","PERCENT PER ANNU","5.42917"
"54261...ZF...","KOREA, REPUBLIC OF","2006","YLD.ON NAT'L HOUSING BONDS,1&2","PERCENT PER ANNU","5.06583"
"54261...ZF...","KOREA, REPUBLIC OF","2005","YLD.ON NAT'L HOUSING BONDS,1&2","PERCENT PER ANNU","4.6625"
"54261...ZF...","KOREA, REPUBLIC OF","2004","YLD.ON NAT'L HOUSING BONDS,1&2","PERCENT PER ANNU","4.45333"
"54261...ZF...","KOREA, REPUBLIC OF","2003","YLD.ON NAT'L HOUSING BONDS,1&2","PERCENT PER ANNU","4.92833"
"54261...ZF...","KOREA, REPUBLIC OF","2002","YLD.ON NAT'L HOUSING BONDS,1&2","PERCENT PER ANNU","6.4675"
"54261...ZF...","KOREA, REPUBLIC OF","2001","YLD.ON NAT'L HOUSING BONDS,1&2","PERCENT PER ANNU","6.66083"
"54261...ZF...","KOREA, REPUBLIC OF","2000","YLD.ON NAT'L HOUSING BONDS,1&2","PERCENT PER ANNU","8.5025"
"94161...ZF...","LATVIA","2008","GOVERNMENT BOND YIELD","PERCENT PER ANNU","6.43167"
"94161...ZF...","LATVIA","2007","GOVERNMENT BOND YIELD","PERCENT PER ANNU","5.2825"
"94161...ZF...","LATVIA","2006","GOVERNMENT BOND YIELD","PERCENT PER ANNU","4.13333"
"94161...ZF...","LATVIA","2005","GOVERNMENT BOND YIELD","PERCENT PER ANNU","3.875"
"94161...ZF...","LATVIA","2004","GOVERNMENT BOND YIELD","PERCENT PER ANNU","4.8575"
"94161...ZF...","LATVIA","2003","GOVERNMENT BOND YIELD","PERCENT PER ANNU","4.90083"
"94161...ZF...","LATVIA","2002","GOVERNMENT BOND YIELD","PERCENT PER ANNU","5.40833"
"94161...ZF...","LATVIA","2001","GOVERNMENT BOND YIELD","PERCENT PER ANNU","7.57333"
"94661...ZF...","LITHUANIA","2009","GOVERNMENT BOND YIELD","PERCENT PER ANNU","14.0042"
"94661...ZF...","LITHUANIA","2008","GOVERNMENT BOND YIELD","PERCENT PER ANNU","5.6075"
"94661...ZF...","LITHUANIA","2007","GOVERNMENT BOND YIELD","PERCENT PER ANNU","4.54583"
"94661...ZF...","LITHUANIA","2006","GOVERNMENT BOND YIELD","PERCENT PER ANNU","4.08083"
"94661...ZF...","LITHUANIA","2005","GOVERNMENT BOND YIELD","PERCENT PER ANNU","3.69833"
"94661...ZF...","LITHUANIA","2004","GOVERNMENT BOND YIELD","PERCENT PER ANNU","4.5025"
"94661...ZF...","LITHUANIA","2003","GOVERNMENT BOND YIELD","PERCENT PER ANNU","5.32167"
"94661...ZF...","LITHUANIA","2002","GOVERNMENT BOND YIELD","PERCENT PER ANNU","6.0625"
"94661...ZF...","LITHUANIA","2001","GOVERNMENT BOND YIELD","PERCENT PER ANNU","8.15333"
"13761...ZF...","LUXEMBOURG","2009","GOVERNMENT BOND YIELD","PERCENT PER ANNU","4.22833"
"13761...ZF...","LUXEMBOURG","2007","GOVERNMENT BOND YIELD","PERCENT PER ANNU","4.56"
"13761...ZF...","LUXEMBOURG","2006","GOVERNMENT BOND YIELD","PERCENT PER ANNU","3.9175"
"13761...ZF...","LUXEMBOURG","2005","GOVERNMENT BOND YIELD","PERCENT PER ANNU","3.36583"
"13761...ZF...","LUXEMBOURG","2004","GOVERNMENT BOND YIELD","PERCENT PER ANNU","4.185"
"13761...ZF...","LUXEMBOURG","2003","GOVERNMENT BOND YIELD","PERCENT PER ANNU","4.03083"
"13761...ZF...","LUXEMBOURG","2002","GOVERNMENT BOND YIELD","PERCENT PER ANNU","4.7025"
"13761...ZF...","LUXEMBOURG","2001","GOVERNMENT BOND YIELD","PERCENT PER ANNU","4.85833"
"13761...ZF...","LUXEMBOURG","2000","GOVERNMENT BOND YIELD","PERCENT PER ANNU","5.51833"
"54861...ZF...","MALAYSIA","2008","GOVERNMENT BONDS 5 YEARS","PERCENT PER ANNU","3.72917"
"54861...ZF...","MALAYSIA","2007","GOVERNMENT BONDS 5 YEARS","PERCENT PER ANNU","3.57192"
"54861...ZF...","MALAYSIA","2006","GOVERNMENT BONDS 5 YEARS","PERCENT PER ANNU","4.0065"
"54861...ZF...","MALAYSIA","2005","GOVERNMENT BONDS 5 YEARS","PERCENT PER ANNU","3.56817"
"54861...ZF...","MALAYSIA","2004","GOVERNMENT BONDS 5 YEARS","PERCENT PER ANNU","4.08767"
"54861...ZF...","MALAYSIA","2003","GOVERNMENT BONDS 5 YEARS","PERCENT PER ANNU","3.59833"
"54861...ZF...","MALAYSIA","2002","GOVERNMENT BONDS 5 YEARS","PERCENT PER ANNU","3.46733"
"54861...ZF...","MALAYSIA","2001","GOVERNMENT BONDS 5 YEARS","PERCENT PER ANNU","3.53667"
"54861...ZF...","MALAYSIA","2000","GOVERNMENT BONDS 5 YEARS","PERCENT PER ANNU","5.10683"
"18161...ZF...","MALTA","2009","GOVERNMENT BOND YIELD","PERCENT PER ANNU","4.54167"
"18161...ZF...","MALTA","2008","GOVERNMENT BOND YIELD","PERCENT PER ANNU","4.80833"
"18161...ZF...","MALTA","2007","GOVERNMENT BOND YIELD","PERCENT PER ANNU","4.72417"
"18161...ZF...","MALTA","2006","GOVERNMENT BOND YIELD","PERCENT PER ANNU","4.31833"
"18161...ZF...","MALTA","2005","GOVERNMENT BOND YIELD","PERCENT PER ANNU","4.555"
"18161...ZF...","MALTA","2004","GOVERNMENT BOND YIELD","PERCENT PER ANNU","4.685"
"18161...ZF...","MALTA","2003","GOVERNMENT BOND YIELD","PERCENT PER ANNU","5.04167"
"18161...ZF...","MALTA","2002","GOVERNMENT BOND YIELD","PERCENT PER ANNU","5.81917"
"18161...ZF...","MALTA","2001","GOVERNMENT BOND YIELD","PERCENT PER ANNU","6.18833"
"27361...ZF...","MEXICO","2007","GOVERNMENT BOND YIELD","PERCENT PER ANNU","7.79333"
"27361...ZF...","MEXICO","2006","GOVERNMENT BOND YIELD","PERCENT PER ANNU","8.38833"
"27361...ZF...","MEXICO","2005","GOVERNMENT BOND YIELD","PERCENT PER ANNU","9.4175"
"27361...ZF...","MEXICO","2004","GOVERNMENT BOND YIELD","PERCENT PER ANNU","9.53833"
"27361...ZF...","MEXICO","2003","GOVERNMENT BOND YIELD","PERCENT PER ANNU","8.98167"
"27361...ZF...","MEXICO","2002","GOVERNMENT BOND YIELD","PERCENT PER ANNU","10.125"
"27361...ZF...","MEXICO","2001","GOVERNMENT BOND YIELD","PERCENT PER ANNU","10.28"
"27361...ZF...","MEXICO","2000","GOVERNMENT BOND YIELD","PERCENT PER ANNU","15.8092"
"68661A..ZF...","MOROCCO","2007","5 YEAR TREASURY BOND YIELD","PERCENT PER ANNU","3.52167"
"68661A..ZF...","MOROCCO","2006","5 YEAR TREASURY BOND YIELD","PERCENT PER ANNU","3.59"
"68661...ZF...","MOROCCO","2006","15 YEAR TREASURY BOND YIELD","PERCENT PER ANNU","4.04"
"68661A..ZF...","MOROCCO","2005","5 YEAR TREASURY BOND YIELD","PERCENT PER ANNU","3.97167"
"68661...ZF...","MOROCCO","2005","15 YEAR TREASURY BOND YIELD","PERCENT PER ANNU","5.35083"
"68661A..ZF...","MOROCCO","2004","5 YEAR TREASURY BOND YIELD","PERCENT PER ANNU","4.255"
"68661...ZF...","MOROCCO","2004","15 YEAR TREASURY BOND YIELD","PERCENT PER ANNU","5.6675"
"68661A..ZF...","MOROCCO","2003","5 YEAR TREASURY BOND YIELD","PERCENT PER ANNU","4.7825"
"68661...ZF...","MOROCCO","2003","15 YEAR TREASURY BOND YIELD","PERCENT PER ANNU","6.16"
"68661A..ZF...","MOROCCO","2002","5 YEAR TREASURY BOND YIELD","PERCENT PER ANNU","5.595"
"68661...ZF...","MOROCCO","2002","15 YEAR TREASURY BOND YIELD","PERCENT PER ANNU","6.95"
"68661A..ZF...","MOROCCO","2001","5 YEAR TREASURY BOND YIELD","PERCENT PER ANNU","6.1875"
"68661...ZF...","MOROCCO","2001","15 YEAR TREASURY BOND YIELD","PERCENT PER ANNU","7.1225"
"68661A..ZF...","MOROCCO","2000","5 YEAR TREASURY BOND YIELD","PERCENT PER ANNU","6.14833"
"68661...ZF...","MOROCCO","2000","15 YEAR TREASURY BOND YIELD","PERCENT PER ANNU","6.9875"
"51861...ZF...","MYANMAR","2009","GOVERNMENT BOND YIELD","PERCENT PER ANNU","12"
"51861...ZF...","MYANMAR","2008","GOVERNMENT BOND YIELD","PERCENT PER ANNU","12"
"51861...ZF...","MYANMAR","2007","GOVERNMENT BOND YIELD","PERCENT PER ANNU","12"
"51861...ZF...","MYANMAR","2006","GOVERNMENT BOND YIELD","PERCENT PER ANNU","12"
"51861...ZF...","MYANMAR","2005","GOVERNMENT BOND YIELD","PERCENT PER ANNU","9"
"51861...ZF...","MYANMAR","2004","GOVERNMENT BOND YIELD","PERCENT PER ANNU","9"
"51861...ZF...","MYANMAR","2003","GOVERNMENT BOND YIELD","PERCENT PER ANNU","9"
"51861...ZF...","MYANMAR","2002","GOVERNMENT BOND YIELD","PERCENT PER ANNU","9"
"51861...ZF...","MYANMAR","2001","GOVERNMENT BOND YIELD","PERCENT PER ANNU","9"
"51861...ZF...","MYANMAR","2000","GOVERNMENT BOND YIELD","PERCENT PER ANNU","9"
"72861...ZF...","NAMIBIA","2009","GOVERNMENT BOND YIELD","PERCENT PER ANNU","10.02"
"72861...ZF...","NAMIBIA","2008","GOVERNMENT BOND YIELD","PERCENT PER ANNU","10.02"
"72861...ZF...","NAMIBIA","2007","GOVERNMENT BOND YIELD","PERCENT PER ANNU","10.02"
"72861...ZF...","NAMIBIA","2006","GOVERNMENT BOND YIELD","PERCENT PER ANNU","9.6075"
"72861...ZF...","NAMIBIA","2005","GOVERNMENT BOND YIELD","PERCENT PER ANNU","10.885"
"72861...ZF...","NAMIBIA","2004","GOVERNMENT BOND YIELD","PERCENT PER ANNU","12.1071"
"72861...ZF...","NAMIBIA","2003","GOVERNMENT BOND YIELD","PERCENT PER ANNU","12.7188"
"72861...ZF...","NAMIBIA","2002","GOVERNMENT BOND YIELD","PERCENT PER ANNU","12.855"
"72861...ZF...","NAMIBIA","2001","GOVERNMENT BOND YIELD","PERCENT PER ANNU","11.3867"
"72861...ZF...","NAMIBIA","2000","GOVERNMENT BOND YIELD","PERCENT PER ANNU","13.8058"
"55861...ZF...","NEPAL","2009","GOVT. SECURITIES DEV.-BONDS","PERCENT PER ANNU","6"
"55861...ZF...","NEPAL","2008","GOVT. SECURITIES DEV.-BONDS","PERCENT PER ANNU","6"
"55861...ZF...","NEPAL","2007","GOVT. SECURITIES DEV.-BONDS","PERCENT PER ANNU","6"
"55861...ZF...","NEPAL","2006","GOVT. SECURITIES DEV.-BONDS","PERCENT PER ANNU","6.125"
"55861...ZF...","NEPAL","2005","GOVT. SECURITIES DEV.-BONDS","PERCENT PER ANNU","6.5"
"55861...ZF...","NEPAL","2004","GOVT. SECURITIES DEV.-BONDS","PERCENT PER ANNU","6.625"
"55861...ZF...","NEPAL","2003","GOVT. SECURITIES DEV.-BONDS","PERCENT PER ANNU","7.5"
"55861...ZF...","NEPAL","2002","GOVT. SECURITIES DEV.-BONDS","PERCENT PER ANNU","8.25"
"55861...ZF...","NEPAL","2001","GOVT. SECURITIES DEV.-BONDS","PERCENT PER ANNU","8.5"
"55861...ZF...","NEPAL","2000","GOVT. SECURITIES DEV.-BONDS","PERCENT PER ANNU","8.5"
"13861...ZF...","NETHERLANDS","2009","GOVERNMENT BOND YIELD","PERCENT PER ANNU","3.68667"
"13861...ZF...","NETHERLANDS","2008","GOVERNMENT BOND YIELD","PERCENT PER ANNU","4.2275"
"13861...ZF...","NETHERLANDS","2007","GOVERNMENT BOND YIELD","PERCENT PER ANNU","4.28667"
"13861...ZF...","NETHERLANDS","2006","GOVERNMENT BOND YIELD","PERCENT PER ANNU","3.78083"
"13861...ZF...","NETHERLANDS","2005","GOVERNMENT BOND YIELD","PERCENT PER ANNU","3.37417"
"13861...ZF...","NETHERLANDS","2004","GOVERNMENT BOND YIELD","PERCENT PER ANNU","4.09417"
"13861...ZF...","NETHERLANDS","2003","GOVERNMENT BOND YIELD","PERCENT PER ANNU","4.1225"
"13861...ZF...","NETHERLANDS","2002","GOVERNMENT BOND YIELD","PERCENT PER ANNU","4.88917"
"13861...ZF...","NETHERLANDS","2001","GOVERNMENT BOND YIELD","PERCENT PER ANNU","4.9575"
"13861...ZF...","NETHERLANDS","2000","GOVERNMENT BOND YIELD","PERCENT PER ANNU","5.40417"
"35361...ZF...","NETHERLANDS ANTILLES","2009","GOVT.BONDS YIELD(MEDIUM&LONG)","PERCENT PER ANNU","4.73333"
"35361...ZF...","NETHERLANDS ANTILLES","2008","GOVT.BONDS YIELD(MEDIUM&LONG)","PERCENT PER ANNU","5.66167"
"35361...ZF...","NETHERLANDS ANTILLES","2007","GOVT.BONDS YIELD(MEDIUM&LONG)","PERCENT PER ANNU","7.315"
"35361...ZF...","NETHERLANDS ANTILLES","2006","GOVT.BONDS YIELD(MEDIUM&LONG)","PERCENT PER ANNU","6.75333"
"35361...ZF...","NETHERLANDS ANTILLES","2005","GOVT.BONDS YIELD(MEDIUM&LONG)","PERCENT PER ANNU","6.45833"
"35361...ZF...","NETHERLANDS ANTILLES","2004","GOVT.BONDS YIELD(MEDIUM&LONG)","PERCENT PER ANNU","7.09167"
"35361...ZF...","NETHERLANDS ANTILLES","2003","GOVT.BONDS YIELD(MEDIUM&LONG)","PERCENT PER ANNU","6.715"
"35361...ZF...","NETHERLANDS ANTILLES","2002","GOVT.BONDS YIELD(MEDIUM&LONG)","PERCENT PER ANNU","8.20083"
"35361...ZF...","NETHERLANDS ANTILLES","2001","GOVT.BONDS YIELD(MEDIUM&LONG)","PERCENT PER ANNU","9"
"35361...ZF...","NETHERLANDS ANTILLES","2000","GOVT.BONDS YIELD(MEDIUM&LONG)","PERCENT PER ANNU","8.77083"
"19661...ZF...","NEW ZEALAND","2009","GOVERNMENT BOND YIELD","PERCENT PER ANNU","4.66038"
"19661...ZF...","NEW ZEALAND","2008","GOVERNMENT BOND YIELD","PERCENT PER ANNU","6.16943"
"19661...ZF...","NEW ZEALAND","2007","GOVERNMENT BOND YIELD","PERCENT PER ANNU","6.80758"
"19661...ZF...","NEW ZEALAND","2006","GOVERNMENT BOND YIELD","PERCENT PER ANNU","6.00769"
"19661...ZF...","NEW ZEALAND","2005","GOVERNMENT BOND YIELD","PERCENT PER ANNU","5.97596"
"19661...ZF...","NEW ZEALAND","2004","GOVERNMENT BOND YIELD","PERCENT PER ANNU","5.97885"
"19661...ZF...","NEW ZEALAND","2003","GOVERNMENT BOND YIELD","PERCENT PER ANNU","5.51466"
"19661...ZF...","NEW ZEALAND","2002","GOVERNMENT BOND YIELD","PERCENT PER ANNU","6.27767"
"19661...ZF...","NEW ZEALAND","2001","GOVERNMENT BOND YIELD","PERCENT PER ANNU","6.12198"
"19661...ZF...","NEW ZEALAND","2000","GOVERNMENT BOND YIELD","PERCENT PER ANNU","6.8476"
"14261...ZF...","NORWAY","2008","GOVERNMENT BOND YIELD","PERCENT PER ANNU","4.34667"
"14261...ZF...","NORWAY","2007","GOVERNMENT BOND YIELD","PERCENT PER ANNU","4.78083"
"14261...ZF...","NORWAY","2006","GOVERNMENT BOND YIELD","PERCENT PER ANNU","3.93417"
"14261...ZF...","NORWAY","2005","GOVERNMENT BOND YIELD","PERCENT PER ANNU","3.28"
"14261...ZF...","NORWAY","2004","GOVERNMENT BOND YIELD","PERCENT PER ANNU","3.6"
"14261...ZF...","NORWAY","2003","GOVERNMENT BOND YIELD","PERCENT PER ANNU","4.50167"
"14261...ZF...","NORWAY","2002","GOVERNMENT BOND YIELD","PERCENT PER ANNU","6.3275"
"14261...ZF...","NORWAY","2001","GOVERNMENT BOND YIELD","PERCENT PER ANNU","6.31"
"14261...ZF...","NORWAY","2000","GOVERNMENT BOND YIELD","PERCENT PER ANNU","6.37917"
"56461...ZF...","PAKISTAN","2008","GOVERNMENT BOND YIELD","PERCENT PER ANNU","11.66"
"56461...ZF...","PAKISTAN","2007","GOVERNMENT BOND YIELD","PERCENT PER ANNU","9.5"
"56461...ZF...","PAKISTAN","2006","GOVERNMENT BOND YIELD","PERCENT PER ANNU","8.46917"
"56461...ZF...","PAKISTAN","2005","GOVERNMENT BOND YIELD","PERCENT PER ANNU","6.19175"
"56461...ZF...","PAKISTAN","2004","GOVERNMENT BOND YIELD","PERCENT PER ANNU","4.63017"
"56461...ZF...","PAKISTAN","2003","GOVERNMENT BOND YIELD","PERCENT PER ANNU","3.40751"
"56461...ZF...","PAKISTAN","2002","GOVERNMENT BOND YIELD","PERCENT PER ANNU","7.92874"
"85361...ZF...","PAPUA NEW GUINEA","2009","INSCRIBED STOCK","PERCENT PER ANNU","11.66"
"85361...ZF...","PAPUA NEW GUINEA","2008","INSCRIBED STOCK","PERCENT PER ANNU","9.23833"
"85361...ZF...","PAPUA NEW GUINEA","2007","INSCRIBED STOCK","PERCENT PER ANNU","8.42167"
"85361...ZF...","PAPUA NEW GUINEA","2006","INSCRIBED STOCK","PERCENT PER ANNU","8.17"
"85361...ZF...","PAPUA NEW GUINEA","2005","INSCRIBED STOCK","PERCENT PER ANNU","7.995"
"56661...ZF...","PHILIPPINES","2007","GOVERNMENT BOND YIELD","PERCENT PER ANNU","5.34025"
"56661...ZF...","PHILIPPINES","2006","GOVERNMENT BOND YIELD","PERCENT PER ANNU","7.38375"
"56661...ZF...","PHILIPPINES","2005","GOVERNMENT BOND YIELD","PERCENT PER ANNU","8.66"
"56661...ZF...","PHILIPPINES","2004","GOVERNMENT BOND YIELD","PERCENT PER ANNU","10.27"
"56661...ZF...","PHILIPPINES","2003","GOVERNMENT BOND YIELD","PERCENT PER ANNU","8.715"
"56661...ZF...","PHILIPPINES","2002","GOVERNMENT BOND YIELD","PERCENT PER ANNU","8.68767"
"56661...ZF...","PHILIPPINES","2001","GOVERNMENT BOND YIELD","PERCENT PER ANNU","13.3989"
"56661...ZF...","PHILIPPINES","2000","GOVERNMENT BOND YIELD","PERCENT PER ANNU","11.7673"
"96461...ZF...","POLAND","2009","GOVERNMENT BOND YIELD","PERCENT PER ANNU","6.12"
"96461...ZF...","POLAND","2008","GOVERNMENT BOND YIELD","PERCENT PER ANNU","6.07167"
"96461...ZF...","POLAND","2007","GOVERNMENT BOND YIELD","PERCENT PER ANNU","5.48417"
"96461...ZF...","POLAND","2006","GOVERNMENT BOND YIELD","PERCENT PER ANNU","5.23167"
"96461...ZF...","POLAND","2005","GOVERNMENT BOND YIELD","PERCENT PER ANNU","5.21833"
"96461...ZF...","POLAND","2004","GOVERNMENT BOND YIELD","PERCENT PER ANNU","6.89667"
"96461...ZF...","POLAND","2003","GOVERNMENT BOND YIELD","PERCENT PER ANNU","5.7775"
"96461...ZF...","POLAND","2002","GOVERNMENT BOND YIELD","PERCENT PER ANNU","7.35583"
"96461...ZF...","POLAND","2001","GOVERNMENT BOND YIELD","PERCENT PER ANNU","10.6817"
"18261...ZF...","PORTUGAL","2008","GOVERNMENT BOND YIELD","PERCENT PER ANNU","4.5225"
"18261...ZF...","PORTUGAL","2007","GOVERNMENT BOND YIELD","PERCENT PER ANNU","4.42417"
"18261...ZF...","PORTUGAL","2006","GOVERNMENT BOND YIELD","PERCENT PER ANNU","3.915"
"18261...ZF...","PORTUGAL","2005","GOVERNMENT BOND YIELD","PERCENT PER ANNU","3.4375"
"18261...ZF...","PORTUGAL","2004","GOVERNMENT BOND YIELD","PERCENT PER ANNU","4.14333"
"18261...ZF...","PORTUGAL","2003","GOVERNMENT BOND YIELD","PERCENT PER ANNU","4.17833"
"18261...ZF...","PORTUGAL","2002","GOVERNMENT BOND YIELD","PERCENT PER ANNU","5.00667"
"18261...ZF...","PORTUGAL","2001","GOVERNMENT BOND YIELD","PERCENT PER ANNU","5.1575"
"18261...ZF...","PORTUGAL","2000","GOVERNMENT BOND YIELD","PERCENT PER ANNU","5.595"
"96861...ZF...","ROMANIA","2009","GOVERNMENT BOND YIELD","PERCENT PER ANNU","9.69417"
"96861...ZF...","ROMANIA","2008","GOVERNMENT BOND YIELD","PERCENT PER ANNU","7.69583"
"96861...ZF...","ROMANIA","2007","GOVERNMENT BOND YIELD","PERCENT PER ANNU","7.13833"
"96861...ZF...","ROMANIA","2006","GOVERNMENT BOND YIELD","PERCENT PER ANNU","7.23"
"92261...ZF...","RUSSIAN FEDERATION","2009","GOVERNMENT BOND YIELD","PERCENT PER ANNU","10.0567"
"92261...ZF...","RUSSIAN FEDERATION","2008","GOVERNMENT BOND YIELD","PERCENT PER ANNU","7.53417"
"92261...ZF...","RUSSIAN FEDERATION","2007","GOVERNMENT BOND YIELD","PERCENT PER ANNU","6.5225"
"92261...ZF...","RUSSIAN FEDERATION","2006","GOVERNMENT BOND YIELD","PERCENT PER ANNU","6.735"
"92261...ZF...","RUSSIAN FEDERATION","2005","GOVERNMENT BOND YIELD","PERCENT PER ANNU","7.84333"
"86261...ZF...","SAMOA","2006","GOVERNMENT BOND YIELD (7 YRS)","PERCENT PER ANNU","13.5"
"86261...ZF...","SAMOA","2005","GOVERNMENT BOND YIELD (7 YRS)","PERCENT PER ANNU","13.5"
"86261...ZF...","SAMOA","2004","GOVERNMENT BOND YIELD (7 YRS)","PERCENT PER ANNU","13.5"
"86261...ZF...","SAMOA","2003","GOVERNMENT BOND YIELD (7 YRS)","PERCENT PER ANNU","13.5"
"86261...ZF...","SAMOA","2002","GOVERNMENT BOND YIELD (7 YRS)","PERCENT PER ANNU","13.5"
"86261...ZF...","SAMOA","2001","GOVERNMENT BOND YIELD (7 YRS)","PERCENT PER ANNU","13.5"
"86261...ZF...","SAMOA","2000","GOVERNMENT BOND YIELD (7 YRS)","PERCENT PER ANNU","13.5"
"71861...ZF...","SEYCHELLES","2009","GOVERNMENT BOND RATE","PERCENT PER ANNU","7.3214"
"71861...ZF...","SEYCHELLES","2008","GOVERNMENT BOND RATE","PERCENT PER ANNU","7.32"
"71861...ZF...","SEYCHELLES","2007","GOVERNMENT BOND RATE","PERCENT PER ANNU","7.13889"
"71861...ZF...","SEYCHELLES","2006","GOVERNMENT BOND RATE","PERCENT PER ANNU","6.89"
"71861...ZF...","SEYCHELLES","2005","GOVERNMENT BOND RATE","PERCENT PER ANNU","6"
"71861...ZF...","SEYCHELLES","2004","GOVERNMENT BOND RATE","PERCENT PER ANNU","6.58"
"71861...ZF...","SEYCHELLES","2003","GOVERNMENT BOND RATE","PERCENT PER ANNU","5.96"
"71861...ZF...","SEYCHELLES","2002","GOVERNMENT BOND RATE","PERCENT PER ANNU","8.25"
"71861...ZF...","SEYCHELLES","2001","GOVERNMENT BOND RATE","PERCENT PER ANNU","8.13"
"71861...ZF...","SEYCHELLES","2000","GOVERNMENT BOND RATE","PERCENT PER ANNU","8.22"
"93661...ZF...","SLOVAK REPUBLIC","2008","GOVT.BOND YIELD","PERCENT PER ANNU","4.72333"
"93661...ZF...","SLOVAK REPUBLIC","2007","GOVT.BOND YIELD","PERCENT PER ANNU","4.49083"
"93661...ZF...","SLOVAK REPUBLIC","2006","GOVT.BOND YIELD","PERCENT PER ANNU","4.41167"
"93661...ZF...","SLOVAK REPUBLIC","2005","GOVT.BOND YIELD","PERCENT PER ANNU","3.52167"
"93661...ZF...","SLOVAK REPUBLIC","2004","GOVT.BOND YIELD","PERCENT PER ANNU","5.02583"
"93661...ZF...","SLOVAK REPUBLIC","2003","GOVT.BOND YIELD","PERCENT PER ANNU","4.98583"
"93661...ZF...","SLOVAK REPUBLIC","2002","GOVT.BOND YIELD","PERCENT PER ANNU","6.935"
"93661...ZF...","SLOVAK REPUBLIC","2001","GOVT.BOND YIELD","PERCENT PER ANNU","8.0425"
"93661...ZF...","SLOVAK REPUBLIC","2000","GOVT.BOND YIELD","PERCENT PER ANNU","8.34"
"96161...ZF...","SLOVENIA","2009","GOVERNMENT BOND YIELD","PERCENT PER ANNU","4.375"
"96161...ZF...","SLOVENIA","2008","GOVERNMENT BOND YIELD","PERCENT PER ANNU","4.60667"
"96161...ZF...","SLOVENIA","2007","GOVERNMENT BOND YIELD","PERCENT PER ANNU","4.52917"
"96161...ZF...","SLOVENIA","2006","GOVERNMENT BOND YIELD","PERCENT PER ANNU","3.85333"
"96161...ZF...","SLOVENIA","2005","GOVERNMENT BOND YIELD","PERCENT PER ANNU","3.80667"
"96161...ZF...","SLOVENIA","2004","GOVERNMENT BOND YIELD","PERCENT PER ANNU","4.68333"
"96161...ZF...","SLOVENIA","2003","GOVERNMENT BOND YIELD","PERCENT PER ANNU","6.40167"
"81361...ZF...","SOLOMON ISLANDS","2009","COUPON RATE ON L.T.DEVELPT BONDS","PERCENT PER ANNU","3.24"
"81361...ZF...","SOLOMON ISLANDS","2008","COUPON RATE ON L.T.DEVELPT BONDS","PERCENT PER ANNU","3.24"
"81361...ZF...","SOLOMON ISLANDS","2007","COUPON RATE ON L.T.DEVELPT BONDS","PERCENT PER ANNU","3.24118"
"81361...ZF...","SOLOMON ISLANDS","2006","COUPON RATE ON L.T.DEVELPT BONDS","PERCENT PER ANNU","3.24354"
"81361...ZF...","SOLOMON ISLANDS","2005","COUPON RATE ON L.T.DEVELPT BONDS","PERCENT PER ANNU","2.99354"
"81361...ZF...","SOLOMON ISLANDS","2004","COUPON RATE ON L.T.DEVELPT BONDS","PERCENT PER ANNU","4.59654"
"81361...ZF...","SOLOMON ISLANDS","2003","COUPON RATE ON L.T.DEVELPT BONDS","PERCENT PER ANNU","6.95154"
"81361...ZF...","SOLOMON ISLANDS","2002","COUPON RATE ON L.T.DEVELPT BONDS","PERCENT PER ANNU","6.95154"
"81361...ZF...","SOLOMON ISLANDS","2001","COUPON RATE ON L.T.DEVELPT BONDS","PERCENT PER ANNU","6.95154"
"81361...ZF...","SOLOMON ISLANDS","2000","COUPON RATE ON L.T.DEVELPT BONDS","PERCENT PER ANNU","6.95154"
"19961...ZF...","SOUTH AFRICA","2009","GOVERNMENT BOND YIELD","PERCENT PER ANNU","8.70333"
"19961...ZF...","SOUTH AFRICA","2008","GOVERNMENT BOND YIELD","PERCENT PER ANNU","9.1"
"19961...ZF...","SOUTH AFRICA","2007","GOVERNMENT BOND YIELD","PERCENT PER ANNU","7.985"
"19961...ZF...","SOUTH AFRICA","2006","GOVERNMENT BOND YIELD","PERCENT PER ANNU","7.9375"
"19961...ZF...","SOUTH AFRICA","2005","GOVERNMENT BOND YIELD","PERCENT PER ANNU","8.06667"
"19961...ZF...","SOUTH AFRICA","2004","GOVERNMENT BOND YIELD","PERCENT PER ANNU","9.52667"
"19961...ZF...","SOUTH AFRICA","2003","GOVERNMENT BOND YIELD","PERCENT PER ANNU","9.61583"
"19961...ZF...","SOUTH AFRICA","2002","GOVERNMENT BOND YIELD","PERCENT PER ANNU","11.5008"
"19961...ZF...","SOUTH AFRICA","2001","GOVERNMENT BOND YIELD","PERCENT PER ANNU","11.4067"
"19961...ZF...","SOUTH AFRICA","2000","GOVERNMENT BOND YIELD","PERCENT PER ANNU","13.7867"
"18461...ZF...","SPAIN","2009","GOVERNMENT BOND YIELD","PERCENT PER ANNU","3.97917"
"18461...ZF...","SPAIN","2008","GOVERNMENT BOND YIELD","PERCENT PER ANNU","4.36583"
"18461...ZF...","SPAIN","2007","GOVERNMENT BOND YIELD","PERCENT PER ANNU","4.3075"
"18461...ZF...","SPAIN","2006","GOVERNMENT BOND YIELD","PERCENT PER ANNU","3.785"
"18461...ZF...","SPAIN","2005","GOVERNMENT BOND YIELD","PERCENT PER ANNU","3.3875"
"18461...ZF...","SPAIN","2004","GOVERNMENT BOND YIELD","PERCENT PER ANNU","4.1025"
"18461...ZF...","SPAIN","2003","GOVERNMENT BOND YIELD","PERCENT PER ANNU","4.12417"
"18461...ZF...","SPAIN","2002","GOVERNMENT BOND YIELD","PERCENT PER ANNU","4.95833"
"18461...ZF...","SPAIN","2001","GOVERNMENT BOND YIELD","PERCENT PER ANNU","5.11667"
"18461...ZF...","SPAIN","2000","GOVERNMENT BOND YIELD","PERCENT PER ANNU","5.52583"
"14461...ZF...","SWEDEN","2009","GOVERNMENT BOND YIELD","PERCENT PER ANNU","3.25"
"14461...ZF...","SWEDEN","2008","GOVERNMENT BOND YIELD","PERCENT PER ANNU","3.88833"
"14461...ZF...","SWEDEN","2007","GOVERNMENT BOND YIELD","PERCENT PER ANNU","4.1675"
"14461...ZF...","SWEDEN","2006","GOVERNMENT BOND YIELD","PERCENT PER ANNU","3.705"
"14461...ZF...","SWEDEN","2005","GOVERNMENT BOND YIELD","PERCENT PER ANNU","3.38333"
"14461...ZF...","SWEDEN","2004","GOVERNMENT BOND YIELD","PERCENT PER ANNU","4.425"
"14461...ZF...","SWEDEN","2003","GOVERNMENT BOND YIELD","PERCENT PER ANNU","4.63833"
"14461...ZF...","SWEDEN","2002","GOVERNMENT BOND YIELD","PERCENT PER ANNU","5.30333"
"14461...ZF...","SWEDEN","2001","GOVERNMENT BOND YIELD","PERCENT PER ANNU","5.1075"
"14461...ZF...","SWEDEN","2000","GOVERNMENT BOND YIELD","PERCENT PER ANNU","5.3675"
"14661...ZF...","SWITZERLAND","2009","GOVERNMENT BOND YIELD","PERCENT PER ANNU","1.97"
"14661...ZF...","SWITZERLAND","2008","GOVERNMENT BOND YIELD","PERCENT PER ANNU","2.15"
"14661...ZF...","SWITZERLAND","2007","GOVERNMENT BOND YIELD","PERCENT PER ANNU","3.11"
"14661...ZF...","SWITZERLAND","2006","GOVERNMENT BOND YIELD","PERCENT PER ANNU","2.49"
"14661...ZF...","SWITZERLAND","2005","GOVERNMENT BOND YIELD","PERCENT PER ANNU","1.96"
"14661...ZF...","SWITZERLAND","2004","GOVERNMENT BOND YIELD","PERCENT PER ANNU","2.38"
"14661...ZF...","SWITZERLAND","2003","GOVERNMENT BOND YIELD","PERCENT PER ANNU","2.78"
"14661...ZF...","SWITZERLAND","2002","GOVERNMENT BOND YIELD","PERCENT PER ANNU","2.4"
"14661...ZF...","SWITZERLAND","2001","GOVERNMENT BOND YIELD","PERCENT PER ANNU","3.56"
"14661...ZF...","SWITZERLAND","2000","GOVERNMENT BOND YIELD","PERCENT PER ANNU","3.55"
"57861...ZF...","THAILAND","2009","GOVERNMENT BOND YIELD","PERCENT PER ANNU","3.905"
"57861...ZF...","THAILAND","2008","GOVERNMENT BOND YIELD","PERCENT PER ANNU","4.5575"
"57861...ZF...","THAILAND","2007","GOVERNMENT BOND YIELD","PERCENT PER ANNU","4.59583"
"57861...ZF...","THAILAND","2006","GOVERNMENT BOND YIELD","PERCENT PER ANNU","5.385"
"57861...ZF...","THAILAND","2005","GOVERNMENT BOND YIELD","PERCENT PER ANNU","5.00167"
"57861...ZF...","THAILAND","2004","GOVERNMENT BOND YIELD","PERCENT PER ANNU","4.8622"
"57861...ZF...","THAILAND","2003","GOVERNMENT BOND YIELD","PERCENT PER ANNU","3.45428"
"57861...ZF...","THAILAND","2002","GOVERNMENT BOND YIELD","PERCENT PER ANNU","4.79504"
"57861...ZF...","THAILAND","2001","GOVERNMENT BOND YIELD","PERCENT PER ANNU","5.46491"
"57861...ZF...","THAILAND","2000","GOVERNMENT BOND YIELD","PERCENT PER ANNU","6.58948"
"11261A..ZF...","UNITED KINGDOM","2009","GOVT BOND YIELD: SHORT-TERM","PERCENT PER ANNU","2.72417"
"11261...ZF...","UNITED KINGDOM","2009","GOVT BOND YIELD: LONG-TERM","PERCENT PER ANNU","3.6475"
"11261A..ZF...","UNITED KINGDOM","2008","GOVT BOND YIELD: SHORT-TERM","PERCENT PER ANNU","4.31"
"11261...ZF...","UNITED KINGDOM","2008","GOVT BOND YIELD: LONG-TERM","PERCENT PER ANNU","4.58417"
"11261A..ZF...","UNITED KINGDOM","2007","GOVT BOND YIELD: SHORT-TERM","PERCENT PER ANNU","5.18"
"11261...ZF...","UNITED KINGDOM","2007","GOVT BOND YIELD: LONG-TERM","PERCENT PER ANNU","5.03833"
"11261A..ZF...","UNITED KINGDOM","2006","GOVT BOND YIELD: SHORT-TERM","PERCENT PER ANNU","4.54333"
"11261...ZF...","UNITED KINGDOM","2006","GOVT BOND YIELD: LONG-TERM","PERCENT PER ANNU","4.37417"
"11261A..ZF...","UNITED KINGDOM","2005","GOVT BOND YIELD: SHORT-TERM","PERCENT PER ANNU","4.37667"
"11261...ZF...","UNITED KINGDOM","2005","GOVT BOND YIELD: LONG-TERM","PERCENT PER ANNU","4.45833"
"11261A..ZF...","UNITED KINGDOM","2004","GOVT BOND YIELD: SHORT-TERM","PERCENT PER ANNU","4.81333"
"11261...ZF...","UNITED KINGDOM","2004","GOVT BOND YIELD: LONG-TERM","PERCENT PER ANNU","4.92583"
"11261A..ZF...","UNITED KINGDOM","2003","GOVT BOND YIELD: SHORT-TERM","PERCENT PER ANNU","4.24"
"11261...ZF...","UNITED KINGDOM","2003","GOVT BOND YIELD: LONG-TERM","PERCENT PER ANNU","4.57833"
"11261A..ZF...","UNITED KINGDOM","2002","GOVT BOND YIELD: SHORT-TERM","PERCENT PER ANNU","4.82333"
"11261...ZF...","UNITED KINGDOM","2002","GOVT BOND YIELD: LONG-TERM","PERCENT PER ANNU","4.915"
"11261A..ZF...","UNITED KINGDOM","2001","GOVT BOND YIELD: SHORT-TERM","PERCENT PER ANNU","5.02667"
"11261...ZF...","UNITED KINGDOM","2001","GOVT BOND YIELD: LONG-TERM","PERCENT PER ANNU","5.00917"
"11261A..ZF...","UNITED KINGDOM","2000","GOVT BOND YIELD: SHORT-TERM","PERCENT PER ANNU","5.79333"
"11261...ZF...","UNITED KINGDOM","2000","GOVT BOND YIELD: LONG-TERM","PERCENT PER ANNU","5.32667"
"11161A..ZF...","UNITED STATES","2009","GOVT BOND YIELD: 3 YEAR","PERCENT PER ANNU","1.42667"
"11161...ZF...","UNITED STATES","2009","GOVT BOND YIELD: 10 YEAR","PERCENT PER ANNU","3.25667"
"11161A..ZF...","UNITED STATES","2008","GOVT BOND YIELD: 3 YEAR","PERCENT PER ANNU","2.23583"
"11161...ZF...","UNITED STATES","2008","GOVT BOND YIELD: 10 YEAR","PERCENT PER ANNU","3.66667"
"11161A..ZF...","UNITED STATES","2007","GOVT BOND YIELD: 3 YEAR","PERCENT PER ANNU","4.3375"
"11161...ZF...","UNITED STATES","2007","GOVT BOND YIELD: 10 YEAR","PERCENT PER ANNU","4.62917"
"11161A..ZF...","UNITED STATES","2006","GOVT BOND YIELD: 3 YEAR","PERCENT PER ANNU","4.76917"
"11161...ZF...","UNITED STATES","2006","GOVT BOND YIELD: 10 YEAR","PERCENT PER ANNU","4.79167"
"11161A..ZF...","UNITED STATES","2005","GOVT BOND YIELD: 3 YEAR","PERCENT PER ANNU","3.925"
"11161...ZF...","UNITED STATES","2005","GOVT BOND YIELD: 10 YEAR","PERCENT PER ANNU","4.29"
"11161A..ZF...","UNITED STATES","2004","GOVT BOND YIELD: 3 YEAR","PERCENT PER ANNU","2.78"
"11161...ZF...","UNITED STATES","2004","GOVT BOND YIELD: 10 YEAR","PERCENT PER ANNU","4.27417"
"11161A..ZF...","UNITED STATES","2003","GOVT BOND YIELD: 3 YEAR","PERCENT PER ANNU","2.10667"
"11161...ZF...","UNITED STATES","2003","GOVT BOND YIELD: 10 YEAR","PERCENT PER ANNU","4.015"
"11161A..ZF...","UNITED STATES","2002","GOVT BOND YIELD: 3 YEAR","PERCENT PER ANNU","3.1"
"11161...ZF...","UNITED STATES","2002","GOVT BOND YIELD: 10 YEAR","PERCENT PER ANNU","4.61083"
"11161A..ZF...","UNITED STATES","2001","GOVT BOND YIELD: 3 YEAR","PERCENT PER ANNU","4.08083"
"11161...ZF...","UNITED STATES","2001","GOVT BOND YIELD: 10 YEAR","PERCENT PER ANNU","5.0175"
"11161A..ZF...","UNITED STATES","2000","GOVT BOND YIELD: 3 YEAR","PERCENT PER ANNU","6.21667"
"11161...ZF...","UNITED STATES","2000","GOVT BOND YIELD: 10 YEAR","PERCENT PER ANNU","6.02917"
"84661...ZF...","VANUATU","2009","GOVT. BOND YIELD RATE","PERCENT PER ANNU","8.4475"
"84661...ZF...","VANUATU","2008","GOVT. BOND YIELD RATE","PERCENT PER ANNU","8.5"
"84661...ZF...","VANUATU","2007","GOVT. BOND YIELD RATE","PERCENT PER ANNU","8.58333"
"84661...ZF...","VANUATU","2006","GOVT. BOND YIELD RATE","PERCENT PER ANNU","8.5"
"84661...ZF...","VANUATU","2005","GOVT. BOND YIELD RATE","PERCENT PER ANNU","8.5"
"84661...ZF...","VANUATU","2004","GOVT. BOND YIELD RATE","PERCENT PER ANNU","8.5"
"84661...ZF...","VANUATU","2003","GOVT. BOND YIELD RATE","PERCENT PER ANNU","8.5"
"84661...ZF...","VANUATU","2002","GOVT. BOND YIELD RATE","PERCENT PER ANNU","8.5"
"84661...ZF...","VANUATU","2001","GOVT. BOND YIELD RATE","PERCENT PER ANNU","8.5"
"84661...ZF...","VANUATU","2000","GOVT. BOND YIELD RATE","PERCENT PER ANNU","8.5"
"29961...ZF...","VENEZUELA, REP. BOL.","2009","GOVERNMENT BOND YIELD","PERCENT PER ANNU","12.8387"
"29961...ZF...","VENEZUELA, REP. BOL.","2008","GOVERNMENT BOND YIELD","PERCENT PER ANNU","14.47"
"29961...ZF...","VENEZUELA, REP. BOL.","2007","GOVERNMENT BOND YIELD","PERCENT PER ANNU","9.55"
"29961...ZF...","VENEZUELA, REP. BOL.","2006","GOVERNMENT BOND YIELD","PERCENT PER ANNU","7.81"
"29961...ZF...","VENEZUELA, REP. BOL.","2005","GOVERNMENT BOND YIELD","PERCENT PER ANNU","12.9275"
"29961...ZF...","VENEZUELA, REP. BOL.","2004","GOVERNMENT BOND YIELD","PERCENT PER ANNU","15.5683"
"29961...ZF...","VENEZUELA, REP. BOL.","2003","GOVERNMENT BOND YIELD","PERCENT PER ANNU","32.1525"
"29961...ZF...","VENEZUELA, REP. BOL.","2002","GOVERNMENT BOND YIELD","PERCENT PER ANNU","38.5083"
"29961...ZF...","VENEZUELA, REP. BOL.","2001","GOVERNMENT BOND YIELD","PERCENT PER ANNU","22.1167"
"29961...ZF...","VENEZUELA, REP. BOL.","2000","GOVERNMENT BOND YIELD","PERCENT PER ANNU","21.0317"

