"Country or Area","Year(s)","GENDER","EDUCATION LEVEL","RESIDENCE AREA","WEALTH QUINTILE","Value","Value Footnotes"
"Albania","2008","","","Urban","","12.6",""
"Albania","2008","","","Rural","","28.0",""
"Albania","2008","","","","Q1 (Poorest)","34.3",""
"Albania","2008","","","","Q2","12.7",""
"Albania","2008","","","","Q3","24.7",""
"Albania","2008","","","","Q4","20.8",""
"Albania","2008","","","","Q5 (Richest)","13.3",""
"Albania","2008","","Primary","","","23.7",""
"Albania","2008","","Secondary or higher","","","18.8",""
"Albania","2008","Female","","","","16.1",""
"Albania","2008","Male","","","","27.3",""
"Armenia","2010","","","Urban","","18.6",""
"Armenia","2010","","","Rural","","25.9",""
"Armenia","2010","","","","Q1 (Poorest)","25.6",""
"Armenia","2010","","","","Q2","29.1",""
"Armenia","2010","","","","Q3","17.3",""
"Armenia","2010","","","","Q4","13.7",""
"Armenia","2010","","","","Q5 (Richest)","21.7",""
"Armenia","2010","","Secondary or higher","","","21.5",""
"Armenia","2010","Female","","","","21.7",""
"Armenia","2010","Male","","","","21.3",""
"Armenia","2005","","","Urban","","26.4",""
"Armenia","2005","","","Rural","","41.4",""
"Armenia","2005","","","","Q1 (Poorest)","51.0",""
"Armenia","2005","","","","Q2","28.9",""
"Armenia","2005","","","","Q3","23.1",""
"Armenia","2005","","","","Q4","33.5",""
"Armenia","2005","","","","Q5 (Richest)","23.2",""
"Armenia","2005","","Secondary or higher","","","33.0",""
"Armenia","2005","Female","","","","28.5",""
"Armenia","2005","Male","","","","36.4",""
"Armenia","2000","","","Urban","","36.5",""
"Armenia","2000","","","Rural","","59.4",""
"Armenia","2000","","","","Q1 (Poorest)","61.4",""
"Armenia","2000","","","","Q2","53.8",""
"Armenia","2000","","","","Q3","40.3",""
"Armenia","2000","","","","Q4","47.7",""
"Armenia","2000","","","","Q5 (Richest)","28.5",""
"Armenia","2000","","Secondary or higher","","","47.8",""
"Armenia","2000","Female","","","","44.9",""
"Armenia","2000","Male","","","","50.1",""
"Azerbaijan","2006","","","Urban","","51.4",""
"Azerbaijan","2006","","","Rural","","63.2",""
"Azerbaijan","2006","","","","Q1 (Poorest)","63.4",""
"Azerbaijan","2006","","","","Q2","69.8",""
"Azerbaijan","2006","","","","Q3","59.6",""
"Azerbaijan","2006","","","","Q4","48.4",""
"Azerbaijan","2006","","","","Q5 (Richest)","38.0",""
"Azerbaijan","2006","","Secondary or higher","","","57.2",""
"Azerbaijan","2006","Female","","","","49.0",""
"Azerbaijan","2006","Male","","","","64.3",""
"Bangladesh","2007","","","Urban","","62.3",""
"Bangladesh","2007","","","Rural","","75.9",""
"Bangladesh","2007","","","","Q1 (Poorest)","84.9",""
"Bangladesh","2007","","","","Q2","83.3",""
"Bangladesh","2007","","","","Q3","83.1",""
"Bangladesh","2007","","","","Q4","62.2",""
"Bangladesh","2007","","","","Q5 (Richest)","42.8",""
"Bangladesh","2007","","None","","","91.3",""
"Bangladesh","2007","","Primary","","","73.4",""
"Bangladesh","2007","","Secondary or higher","","","51.9",""
"Bangladesh","2007","Female","","","","71.3",""
"Bangladesh","2007","Male","","","","75.0",""
"Bangladesh","2004","","","Urban","","92.4",""
"Bangladesh","2004","","","Rural","","96.3",""
"Bangladesh","2004","","","","Q1 (Poorest)","119.3",""
"Bangladesh","2004","","","","Q2","97.0",""
"Bangladesh","2004","","","","Q3","96.4",""
"Bangladesh","2004","","","","Q4","80.1",""
"Bangladesh","2004","","","","Q5 (Richest)","70.0",""
"Bangladesh","2004","","None","","","112.0",""
"Bangladesh","2004","","Primary","","","90.3",""
"Bangladesh","2004","","Secondary or higher","","","68.3",""
"Bangladesh","2004","Female","","","","89.8",""
"Bangladesh","2004","Male","","","","101.0",""
"Benin","2006","","","Urban","","115.4",""
"Benin","2006","","","Rural","","145.3",""
"Benin","2006","","","","Q1 (Poorest)","150.9",""
"Benin","2006","","","","Q2","146.7",""
"Benin","2006","","","","Q3","149.7",""
"Benin","2006","","","","Q4","128.9",""
"Benin","2006","","","","Q5 (Richest)","83.0",""
"Benin","2006","","None","","","142.6",""
"Benin","2006","","Primary","","","120.2",""
"Benin","2006","","Secondary or higher","","","78.6",""
"Benin","2006","Female","","","","132.1",""
"Benin","2006","Male","","","","138.8",""
"Benin","2001","","","Urban","","133.5",""
"Benin","2001","","","Rural","","175.1",""
"Benin","2001","","","","Q1 (Poorest)","197.9",""
"Benin","2001","","","","Q2","176.8",""
"Benin","2001","","","","Q3","180.4",""
"Benin","2001","","","","Q4","131.2",""
"Benin","2001","","","","Q5 (Richest)","92.6",""
"Benin","2001","","None","","","174.0",""
"Benin","2001","","Primary","","","141.8",""
"Benin","2001","","Secondary or higher","","","80.2",""
"Benin","2001","Female","","","","163.5",""
"Benin","2001","Male","","","","161.5",""
"Bolivia (Plurinational State of)","2008","","","Urban","","54.0",""
"Bolivia (Plurinational State of)","2008","","","Rural","","98.4",""
"Bolivia (Plurinational State of)","2008","","","","Q1 (Poorest)","115.7",""
"Bolivia (Plurinational State of)","2008","","","","Q2","85.0",""
"Bolivia (Plurinational State of)","2008","","","","Q3","66.4",""
"Bolivia (Plurinational State of)","2008","","","","Q4","44.7",""
"Bolivia (Plurinational State of)","2008","","","","Q5 (Richest)","31.4",""
"Bolivia (Plurinational State of)","2008","","None","","","134.0",""
"Bolivia (Plurinational State of)","2008","","Primary","","","85.8",""
"Bolivia (Plurinational State of)","2008","","Secondary or higher","","","42.9",""
"Bolivia (Plurinational State of)","2008","Female","","","","71.1",""
"Bolivia (Plurinational State of)","2008","Male","","","","79.1",""
"Bolivia (Plurinational State of)","2003","","","Urban","","76.5",""
"Bolivia (Plurinational State of)","2003","","","Rural","","113.1",""
"Bolivia (Plurinational State of)","2003","","","","Q1 (Poorest)","119.1",""
"Bolivia (Plurinational State of)","2003","","","","Q2","114.3",""
"Bolivia (Plurinational State of)","2003","","","","Q3","86.3",""
"Bolivia (Plurinational State of)","2003","","","","Q4","70.7",""
"Bolivia (Plurinational State of)","2003","","","","Q5 (Richest)","36.8",""
"Bolivia (Plurinational State of)","2003","","None","","","143.7",""
"Bolivia (Plurinational State of)","2003","","Primary","","","102.0",""
"Bolivia (Plurinational State of)","2003","","Secondary or higher","","","48.0",""
"Bolivia (Plurinational State of)","2003","Female","","","","90.9",""
"Bolivia (Plurinational State of)","2003","Male","","","","93.8",""
"Burkina Faso","2003","","","Urban","","136.3",""
"Burkina Faso","2003","","","Rural","","201.0",""
"Burkina Faso","2003","","","","Q1 (Poorest)","205.9",""
"Burkina Faso","2003","","","","Q2","212.6",""
"Burkina Faso","2003","","","","Q3","195.1",""
"Burkina Faso","2003","","","","Q4","191.1",""
"Burkina Faso","2003","","","","Q5 (Richest)","144.8",""
"Burkina Faso","2003","","None","","","197.9",""
"Burkina Faso","2003","","Primary","","","161.0",""
"Burkina Faso","2003","","Secondary or higher","","","107.2",""
"Burkina Faso","2003","Female","","","","191.0",""
"Burkina Faso","2003","Male","","","","194.5",""
"Cambodia","2010","","","Urban","","28.9",""
"Cambodia","2010","","","Rural","","74.5",""
"Cambodia","2010","","","","Q1 (Poorest)","90.7",""
"Cambodia","2010","","","","Q2","82.4",""
"Cambodia","2010","","","","Q3","67.0",""
"Cambodia","2010","","","","Q4","47.8",""
"Cambodia","2010","","","","Q5 (Richest)","30.3",""
"Cambodia","2010","","None","","","86.3",""
"Cambodia","2010","","Primary","","","72.3",""
"Cambodia","2010","","Secondary or higher","","","35.0",""
"Cambodia","2010","Female","","","","58.8",""
"Cambodia","2010","Male","","","","76.0",""
"Cambodia","2005","","","Urban","","76.4",""
"Cambodia","2005","","","Rural","","110.2",""
"Cambodia","2005","","","","Q1 (Poorest)","126.1",""
"Cambodia","2005","","","","Q2","128.0",""
"Cambodia","2005","","","","Q3","113.4",""
"Cambodia","2005","","","","Q4","91.8",""
"Cambodia","2005","","","","Q5 (Richest)","43.1",""
"Cambodia","2005","","None","","","134.8",""
"Cambodia","2005","","Primary","","","106.4",""
"Cambodia","2005","","Secondary or higher","","","53.5",""
"Cambodia","2005","Female","","","","96.7",""
"Cambodia","2005","Male","","","","114.6",""
"Cambodia","2000","","","Urban","","93.1",""
"Cambodia","2000","","","Rural","","125.6",""
"Cambodia","2000","","","","Q1 (Poorest)","154.8",""
"Cambodia","2000","","","","Q2","137.1",""
"Cambodia","2000","","","","Q3","113.6",""
"Cambodia","2000","","","","Q4","113.3",""
"Cambodia","2000","","","","Q5 (Richest)","62.6",""
"Cambodia","2000","","None","","","136.2",""
"Cambodia","2000","","Primary","","","121.3",""
"Cambodia","2000","","Secondary or higher","","","75.3",""
"Cambodia","2000","Female","","","","109.9",""
"Cambodia","2000","Male","","","","132.4",""
"Cameroon","2004","","","Urban","","118.9",""
"Cameroon","2004","","","Rural","","169.4",""
"Cameroon","2004","","","","Q1 (Poorest)","189.0",""
"Cameroon","2004","","","","Q2","162.0",""
"Cameroon","2004","","","","Q3","150.0",""
"Cameroon","2004","","","","Q4","115.8",""
"Cameroon","2004","","","","Q5 (Richest)","86.8",""
"Cameroon","2004","","None","","","186.2",""
"Cameroon","2004","","Primary","","","149.3",""
"Cameroon","2004","","Secondary or higher","","","93.2",""
"Cameroon","2004","Female","","","","140.9",""
"Cameroon","2004","Male","","","","154.6",""
"Chad","2004","","","Urban","","178.1",""
"Chad","2004","","","Rural","","208.4",""
"Chad","2004","","","","Q1 (Poorest)","176.2",""
"Chad","2004","","","","Q2","209.0",""
"Chad","2004","","","","Q3","212.0",""
"Chad","2004","","","","Q4","226.3",""
"Chad","2004","","","","Q5 (Richest)","185.0",""
"Chad","2004","","None","","","200.2",""
"Chad","2004","","Primary","","","225.6",""
"Chad","2004","","Secondary or higher","","","144.7","1"
"Chad","2004","Female","","","","198.5",""
"Chad","2004","Male","","","","207.2",""
"Colombia","2010","","","Urban","","20.5",""
"Colombia","2010","","","Rural","","24.4",""
"Colombia","2010","","","","Q1 (Poorest)","29.1",""
"Colombia","2010","","","","Q2","22.3",""
"Colombia","2010","","","","Q3","19.6",""
"Colombia","2010","","","","Q4","19.1",""
"Colombia","2010","","","","Q5 (Richest)","12.7",""
"Colombia","2010","","None","","","53.0",""
"Colombia","2010","","Primary","","","26.9",""
"Colombia","2010","","Secondary or higher","","","17.8",""
"Colombia","2010","Female","","","","19.3",""
"Colombia","2010","Male","","","","23.8",""
"Colombia","2005","","","Urban","","22.5",""
"Colombia","2005","","","Rural","","32.4",""
"Colombia","2005","","","","Q1 (Poorest)","39.0",""
"Colombia","2005","","","","Q2","27.1",""
"Colombia","2005","","","","Q3","23.9",""
"Colombia","2005","","","","Q4","15.6",""
"Colombia","2005","","","","Q5 (Richest)","15.7",""
"Colombia","2005","","None","","","50.2",""
"Colombia","2005","","Primary","","","31.5",""
"Colombia","2005","","Secondary or higher","","","20.2",""
"Colombia","2005","Female","","","","21.1",""
"Colombia","2005","Male","","","","29.9",""
"Colombia","2000","","","Urban","","24.1",""
"Colombia","2000","","","Rural","","36.2",""
"Colombia","2000","","","","Q1 (Poorest)","39.1",""
"Colombia","2000","","","","Q2","35.0",""
"Colombia","2000","","","","Q3","23.6",""
"Colombia","2000","","","","Q4","14.4",""
"Colombia","2000","","","","Q5 (Richest)","20.0",""
"Colombia","2000","","None","","","44.4","1"
"Colombia","2000","","Primary","","","32.6",""
"Colombia","2000","","Secondary or higher","","","22.7",""
"Colombia","2000","Female","","","","23.5",""
"Colombia","2000","Male","","","","32.3",""
"Congo","2005","","","Urban","","108.0",""
"Congo","2005","","","Rural","","136.3",""
"Congo","2005","","","","Q1 (Poorest)","134.3",""
"Congo","2005","","","","Q2","130.7",""
"Congo","2005","","","","Q3","132.0",""
"Congo","2005","","","","Q4","125.1",""
"Congo","2005","","","","Q5 (Richest)","82.8",""
"Congo","2005","","None","","","201.3",""
"Congo","2005","","Primary","","","134.1",""
"Congo","2005","","Secondary or higher","","","102.0",""
"Congo","2005","Female","","","","118.0",""
"Congo","2005","Male","","","","128.4",""
"Democratic Republic of the Congo","2007","","","Urban","","121.2",""
"Democratic Republic of the Congo","2007","","","Rural","","176.0",""
"Democratic Republic of the Congo","2007","","","","Q1 (Poorest)","181.7",""
"Democratic Republic of the Congo","2007","","","","Q2","176.4",""
"Democratic Republic of the Congo","2007","","","","Q3","154.1",""
"Democratic Republic of the Congo","2007","","","","Q4","151.4",""
"Democratic Republic of the Congo","2007","","","","Q5 (Richest)","95.6",""
"Democratic Republic of the Congo","2007","","None","","","207.3",""
"Democratic Republic of the Congo","2007","","Primary","","","156.8",""
"Democratic Republic of the Congo","2007","","Secondary or higher","","","112.6",""
"Democratic Republic of the Congo","2007","Female","","","","148.1",""
"Democratic Republic of the Congo","2007","Male","","","","161.3",""
"Dominican Republic","2007","","","Urban","","36.7",""
"Dominican Republic","2007","","","Rural","","37.5",""
"Dominican Republic","2007","","","","Q1 (Poorest)","52.9",""
"Dominican Republic","2007","","","","Q2","39.8",""
"Dominican Republic","2007","","","","Q3","33.2",""
"Dominican Republic","2007","","","","Q4","24.9",""
"Dominican Republic","2007","","","","Q5 (Richest)","27.1",""
"Dominican Republic","2007","","None","","","55.8",""
"Dominican Republic","2007","","Primary","","","43.9",""
"Dominican Republic","2007","","Secondary or higher","","","28.8",""
"Dominican Republic","2007","Female","","","","33.9",""
"Dominican Republic","2007","Male","","","","39.8",""
"Dominican Republic","2002","","","Urban","","40.5",""
"Dominican Republic","2002","","","Rural","","46.5",""
"Dominican Republic","2002","","","","Q1 (Poorest)","64.7",""
"Dominican Republic","2002","","","","Q2","46.0",""
"Dominican Republic","2002","","","","Q3","42.6",""
"Dominican Republic","2002","","","","Q4","29.6",""
"Dominican Republic","2002","","","","Q5 (Richest)","22.5",""
"Dominican Republic","2002","","None","","","79.5",""
"Dominican Republic","2002","","Primary","","","49.0",""
"Dominican Republic","2002","","Secondary or higher","","","29.2",""
"Dominican Republic","2002","Female","","","","39.7",""
"Dominican Republic","2002","Male","","","","45.4",""
"Egypt","2008","","","Urban","","28.6",""
"Egypt","2008","","","Rural","","36.0",""
"Egypt","2008","","","","Q1 (Poorest)","48.3",""
"Egypt","2008","","","","Q2","36.4",""
"Egypt","2008","","","","Q3","32.4",""
"Egypt","2008","","","","Q4","26.9",""
"Egypt","2008","","","","Q5 (Richest)","18.8",""
"Egypt","2008","","None","","","43.8",""
"Egypt","2008","","Primary","","","38.2",""
"Egypt","2008","","Secondary or higher","","","26.3",""
"Egypt","2008","Female","","","","27.8",""
"Egypt","2008","Male","","","","38.4",""
"Egypt","2005","","","Urban","","39.1",""
"Egypt","2005","","","Rural","","55.2",""
"Egypt","2005","","","","Q1 (Poorest)","73.8",""
"Egypt","2005","","","","Q2","54.5",""
"Egypt","2005","","","","Q3","45.7",""
"Egypt","2005","","","","Q4","40.9",""
"Egypt","2005","","","","Q5 (Richest)","25.1",""
"Egypt","2005","","None","","","66.4",""
"Egypt","2005","","Primary","","","62.3",""
"Egypt","2005","","Secondary or higher","","","32.8",""
"Egypt","2005","Female","","","","46.3",""
"Egypt","2005","Male","","","","52.2",""
"Egypt","2000","","","Urban","","52.4",""
"Egypt","2000","","","Rural","","78.9",""
"Egypt","2000","","","","Q1 (Poorest)","98.3",""
"Egypt","2000","","","","Q2","80.1",""
"Egypt","2000","","","","Q3","69.7",""
"Egypt","2000","","","","Q4","52.6",""
"Egypt","2000","","","","Q5 (Richest)","33.8",""
"Egypt","2000","","None","","","88.8",""
"Egypt","2000","","Primary","","","74.3",""
"Egypt","2000","","Secondary or higher","","","40.1",""
"Egypt","2000","Female","","","","69.3",""
"Egypt","2000","Male","","","","68.6",""
"Ethiopia","2011","","","Urban","","81.8",""
"Ethiopia","2011","","","Rural","","113.7",""
"Ethiopia","2011","","","","Q1 (Poorest)","136.0",""
"Ethiopia","2011","","","","Q2","120.0",""
"Ethiopia","2011","","","","Q3","97.2",""
"Ethiopia","2011","","","","Q4","99.0",""
"Ethiopia","2011","","","","Q5 (Richest)","83.9",""
"Ethiopia","2011","","None","","","119.5",""
"Ethiopia","2011","","Primary","","","87.5",""
"Ethiopia","2011","","Secondary or higher","","","36.2",""
"Ethiopia","2011","Female","","","","97.4",""
"Ethiopia","2011","Male","","","","120.8",""
"Ethiopia","2005","","","Urban","","98.5",""
"Ethiopia","2005","","","Rural","","135.2",""
"Ethiopia","2005","","","","Q1 (Poorest)","129.5",""
"Ethiopia","2005","","","","Q2","145.4",""
"Ethiopia","2005","","","","Q3","144.4",""
"Ethiopia","2005","","","","Q4","140.0",""
"Ethiopia","2005","","","","Q5 (Richest)","92.0",""
"Ethiopia","2005","","None","","","139.9",""
"Ethiopia","2005","","Primary","","","111.5",""
"Ethiopia","2005","","Secondary or higher","","","55.4",""
"Ethiopia","2005","Female","","","","122.1",""
"Ethiopia","2005","Male","","","","142.3",""
"Ethiopia","2000","","","Urban","","149.3",""
"Ethiopia","2000","","","Rural","","192.3",""
"Ethiopia","2000","","","","Q1 (Poorest)","159.2",""
"Ethiopia","2000","","","","Q2","194.7",""
"Ethiopia","2000","","","","Q3","226.4",""
"Ethiopia","2000","","","","Q4","206.1",""
"Ethiopia","2000","","","","Q5 (Richest)","147.5",""
"Ethiopia","2000","","None","","","197.4",""
"Ethiopia","2000","","Primary","","","146.4",""
"Ethiopia","2000","","Secondary or higher","","","90.2",""
"Ethiopia","2000","Female","","","","178.0",""
"Ethiopia","2000","Male","","","","196.8",""
"Gabon","2000","","","Urban","","88.5",""
"Gabon","2000","","","Rural","","100.0",""
"Gabon","2000","","","","Q1 (Poorest)","93.2",""
"Gabon","2000","","","","Q2","109.1",""
"Gabon","2000","","","","Q3","97.4",""
"Gabon","2000","","","","Q4","94.8",""
"Gabon","2000","","","","Q5 (Richest)","54.9",""
"Gabon","2000","","None","","","111.4",""
"Gabon","2000","","Primary","","","93.7",""
"Gabon","2000","","Secondary or higher","","","87.2",""
"Gabon","2000","Female","","","","80.2",""
"Gabon","2000","Male","","","","103.1",""
"Ghana","2008","","","Urban","","74.8",""
"Ghana","2008","","","Rural","","89.7",""
"Ghana","2008","","","","Q1 (Poorest)","102.2",""
"Ghana","2008","","","","Q2","77.9",""
"Ghana","2008","","","","Q3","102.8",""
"Ghana","2008","","","","Q4","67.0",""
"Ghana","2008","","","","Q5 (Richest)","59.6",""
"Ghana","2008","","None","","","102.2",""
"Ghana","2008","","Primary","","","86.2",""
"Ghana","2008","","Secondary or higher","","","67.3",""
"Ghana","2008","Female","","","","75.0",""
"Ghana","2008","Male","","","","93.2",""
"Ghana","2003","","","Urban","","92.6",""
"Ghana","2003","","","Rural","","118.6",""
"Ghana","2003","","","","Q1 (Poorest)","128.2",""
"Ghana","2003","","","","Q2","104.4",""
"Ghana","2003","","","","Q3","111.8",""
"Ghana","2003","","","","Q4","108.0",""
"Ghana","2003","","","","Q5 (Richest)","87.6",""
"Ghana","2003","","None","","","125.7",""
"Ghana","2003","","Primary","","","121.1",""
"Ghana","2003","","Secondary or higher","","","83.5",""
"Ghana","2003","Female","","","","108.1",""
"Ghana","2003","Male","","","","111.6",""
"Guinea","2005","","","Urban","","132.7",""
"Guinea","2005","","","Rural","","202.5",""
"Guinea","2005","","","","Q1 (Poorest)","214.8",""
"Guinea","2005","","","","Q2","212.3",""
"Guinea","2005","","","","Q3","202.1",""
"Guinea","2005","","","","Q4","160.8",""
"Guinea","2005","","","","Q5 (Richest)","113.0",""
"Guinea","2005","","None","","","192.8",""
"Guinea","2005","","Primary","","","173.9",""
"Guinea","2005","","Secondary or higher","","","89.4",""
"Guinea","2005","Female","","","","173.6",""
"Guinea","2005","Male","","","","198.9",""
"Guyana","2009","","","Urban","","46.0",""
"Guyana","2009","","","Rural","","38.0",""
"Guyana","2009","","","","Q1 (Poorest)","32.7",""
"Guyana","2009","","","","Q2","47.7",""
"Guyana","2009","","","","Q3","34.0",""
"Guyana","2009","","","","Q4","43.7",""
"Guyana","2009","","","","Q5 (Richest)","44.4",""
"Guyana","2009","","Primary","","","48.4",""
"Guyana","2009","","Secondary or higher","","","35.6",""
"Guyana","2009","Female","","","","39.0",""
"Guyana","2009","Male","","","","40.6",""
"Haiti","2005","","","Urban","","77.2",""
"Haiti","2005","","","Rural","","113.6",""
"Haiti","2005","","","","Q1 (Poorest)","123.7",""
"Haiti","2005","","","","Q2","113.2",""
"Haiti","2005","","","","Q3","109.9",""
"Haiti","2005","","","","Q4","83.0",""
"Haiti","2005","","","","Q5 (Richest)","54.8",""
"Haiti","2005","","None","","","122.0",""
"Haiti","2005","","Primary","","","96.2",""
"Haiti","2005","","Secondary or higher","","","65.2",""
"Haiti","2005","Female","","","","98.9",""
"Haiti","2005","Male","","","","104.6",""
"Haiti","2000","","","Urban","","112.3",""
"Haiti","2000","","","Rural","","150.2",""
"Haiti","2000","","","","Q1 (Poorest)","164.6",""
"Haiti","2000","","","","Q2","144.2",""
"Haiti","2000","","","","Q3","141.1",""
"Haiti","2000","","","","Q4","120.3",""
"Haiti","2000","","","","Q5 (Richest)","110.2",""
"Haiti","2000","","None","","","151.1",""
"Haiti","2000","","Primary","","","141.5",""
"Haiti","2000","","Secondary or higher","","","74.4",""
"Haiti","2000","Female","","","","133.3",""
"Haiti","2000","Male","","","","143.7",""
"Honduras","2005","","","Urban","","28.6",""
"Honduras","2005","","","Rural","","42.8",""
"Honduras","2005","","","","Q1 (Poorest)","49.7",""
"Honduras","2005","","","","Q2","46.0",""
"Honduras","2005","","","","Q3","37.8",""
"Honduras","2005","","","","Q4","21.7",""
"Honduras","2005","","","","Q5 (Richest)","20.0",""
"Honduras","2005","","None","","","52.9",""
"Honduras","2005","","Primary","","","39.3",""
"Honduras","2005","","Secondary or higher","","","19.0",""
"Honduras","2005","Female","","","","34.4",""
"Honduras","2005","Male","","","","38.8",""
"India","2005","","","Urban","","60.4",""
"India","2005","","","Rural","","93.2",""
"India","2005","","","","Q1 (Poorest)","116.5",""
"India","2005","","","","Q2","97.5",""
"India","2005","","","","Q3","81.3",""
"India","2005","","","","Q4","60.8",""
"India","2005","","","","Q5 (Richest)","39.2",""
"India","2005","","None","","","105.7",""
"India","2005","","Primary","","","77.4",""
"India","2005","","Secondary or higher","","","48.6",""
"India","2005","Female","","","","88.2",""
"India","2005","Male","","","","81.8",""
"Indonesia","2007","","","Urban","","37.7",""
"Indonesia","2007","","","Rural","","59.9",""
"Indonesia","2007","","","","Q1 (Poorest)","77.2",""
"Indonesia","2007","","","","Q2","59.3",""
"Indonesia","2007","","","","Q3","43.7",""
"Indonesia","2007","","","","Q4","36.3",""
"Indonesia","2007","","","","Q5 (Richest)","30.5",""
"Indonesia","2007","","None","","","93.4",""
"Indonesia","2007","","Primary","","","60.0",""
"Indonesia","2007","","Secondary or higher","","","37.4",""
"Indonesia","2007","Female","","","","45.9",""
"Indonesia","2007","Male","","","","55.3",""
"Indonesia","2002","","","Urban","","42.4",""
"Indonesia","2002","","","Rural","","64.3",""
"Indonesia","2002","","","","Q1 (Poorest)","76.6",""
"Indonesia","2002","","","","Q2","63.8",""
"Indonesia","2002","","","","Q3","55.8",""
"Indonesia","2002","","","","Q4","44.8",""
"Indonesia","2002","","","","Q5 (Richest)","21.8",""
"Indonesia","2002","","None","","","88.9",""
"Indonesia","2002","","Primary","","","63.1",""
"Indonesia","2002","","Secondary or higher","","","36.7",""
"Indonesia","2002","Female","","","","50.2",""
"Indonesia","2002","Male","","","","58.0",""
"Jordan","2007","","","Urban","","21.4",""
"Jordan","2007","","","Rural","","26.8",""
"Jordan","2007","","","","Q1 (Poorest)","30.1",""
"Jordan","2007","","","","Q2","22.4",""
"Jordan","2007","","","","Q3","13.9",""
"Jordan","2007","","","","Q4","18.7",""
"Jordan","2007","","","","Q5 (Richest)","27.1",""
"Jordan","2007","","None","","","26.8",""
"Jordan","2007","","Primary","","","35.7",""
"Jordan","2007","","Secondary or higher","","","21.1",""
"Jordan","2007","Female","","","","23.0",""
"Jordan","2007","Male","","","","21.7",""
"Jordan","2002","","","Urban","","27.3",""
"Jordan","2002","","","Rural","","36.3",""
"Jordan","2002","","","","Q1 (Poorest)","34.0",""
"Jordan","2002","","","","Q2","33.5",""
"Jordan","2002","","","","Q3","29.5",""
"Jordan","2002","","","","Q4","23.4",""
"Jordan","2002","","","","Q5 (Richest)","22.2",""
"Jordan","2002","Female","","","","28.2",""
"Jordan","2002","Male","","","","30.4",""
"Kenya","2008","","","Urban","","75.1",""
"Kenya","2008","","","Rural","","85.4",""
"Kenya","2008","","","","Q1 (Poorest)","96.9",""
"Kenya","2008","","","","Q2","102.0",""
"Kenya","2008","","","","Q3","91.8",""
"Kenya","2008","","","","Q4","50.8",""
"Kenya","2008","","","","Q5 (Richest)","69.0",""
"Kenya","2008","","None","","","86.0",""
"Kenya","2008","","Primary","","","92.2",""
"Kenya","2008","","Secondary or higher","","","58.2",""
"Kenya","2008","Female","","","","77.0",""
"Kenya","2008","Male","","","","89.9",""
"Kenya","2003","","","Urban","","93.2",""
"Kenya","2003","","","Rural","","116.9",""
"Kenya","2003","","","","Q1 (Poorest)","148.1",""
"Kenya","2003","","","","Q2","109.8",""
"Kenya","2003","","","","Q3","121.0",""
"Kenya","2003","","","","Q4","77.1",""
"Kenya","2003","","","","Q5 (Richest)","91.4",""
"Kenya","2003","","None","","","126.7",""
"Kenya","2003","","Primary","","","125.0",""
"Kenya","2003","","Secondary or higher","","","63.9",""
"Kenya","2003","Female","","","","102.6",""
"Kenya","2003","Male","","","","122.3",""
"Lesotho","2009","","","Urban","","88.9",""
"Lesotho","2009","","","Rural","","110.9",""
"Lesotho","2009","","","","Q1 (Poorest)","107.1",""
"Lesotho","2009","","","","Q2","125.5",""
"Lesotho","2009","","","","Q3","96.0",""
"Lesotho","2009","","","","Q4","116.4",""
"Lesotho","2009","","","","Q5 (Richest)","80.8",""
"Lesotho","2009","","Primary","","","117.2",""
"Lesotho","2009","","Secondary or higher","","","88.9",""
"Lesotho","2009","Female","","","","87.1",""
"Lesotho","2009","Male","","","","122.8",""
"Lesotho","2004","","","Urban","","87.1",""
"Lesotho","2004","","","Rural","","104.5",""
"Lesotho","2004","","","","Q1 (Poorest)","112.8",""
"Lesotho","2004","","","","Q2","106.2",""
"Lesotho","2004","","","","Q3","104.9",""
"Lesotho","2004","","","","Q4","102.4",""
"Lesotho","2004","","","","Q5 (Richest)","82.6",""
"Lesotho","2004","","Primary","","","107.9",""
"Lesotho","2004","","Secondary or higher","","","82.6",""
"Lesotho","2004","Female","","","","94.7",""
"Lesotho","2004","Male","","","","108.7",""
"Liberia","2007","","","Urban","","129.4",""
"Liberia","2007","","","Rural","","144.0",""
"Liberia","2007","","","","Q1 (Poorest)","136.6",""
"Liberia","2007","","","","Q2","153.0",""
"Liberia","2007","","","","Q3","129.4",""
"Liberia","2007","","","","Q4","153.0",""
"Liberia","2007","","","","Q5 (Richest)","114.9",""
"Liberia","2007","","None","","","149.3",""
"Liberia","2007","","Primary","","","133.2",""
"Liberia","2007","","Secondary or higher","","","115.9",""
"Liberia","2007","Female","","","","131.4",""
"Liberia","2007","Male","","","","147.1",""
"Madagascar","2008","","","Urban","","63.2",""
"Madagascar","2008","","","Rural","","83.8",""
"Madagascar","2008","","","","Q1 (Poorest)","105.6",""
"Madagascar","2008","","","","Q2","91.8",""
"Madagascar","2008","","","","Q3","82.9",""
"Madagascar","2008","","","","Q4","63.3",""
"Madagascar","2008","","","","Q5 (Richest)","47.5",""
"Madagascar","2008","","None","","","96.7",""
"Madagascar","2008","","Primary","","","84.8",""
"Madagascar","2008","","Secondary or higher","","","53.7",""
"Madagascar","2008","Female","","","","78.0",""
"Madagascar","2008","Male","","","","84.8",""
"Madagascar","2003","","","Urban","","73.3",""
"Madagascar","2003","","","Rural","","119.1",""
"Madagascar","2003","","","","Q1 (Poorest)","140.2",""
"Madagascar","2003","","","","Q2","146.2",""
"Madagascar","2003","","","","Q3","99.2",""
"Madagascar","2003","","","","Q4","90.8",""
"Madagascar","2003","","","","Q5 (Richest)","49.8",""
"Madagascar","2003","","None","","","146.4",""
"Madagascar","2003","","Primary","","","111.4",""
"Madagascar","2003","","Secondary or higher","","","65.8",""
"Madagascar","2003","Female","","","","105.6",""
"Madagascar","2003","Male","","","","115.7",""
"Malawi","2010","","","Urban","","112.6",""
"Malawi","2010","","","Rural","","128.4",""
"Malawi","2010","","","","Q1 (Poorest)","130.6",""
"Malawi","2010","","","","Q2","138.8",""
"Malawi","2010","","","","Q3","127.3",""
"Malawi","2010","","","","Q4","124.9",""
"Malawi","2010","","","","Q5 (Richest)","105.2",""
"Malawi","2010","","None","","","135.8",""
"Malawi","2010","","Primary","","","128.6",""
"Malawi","2010","","Secondary or higher","","","94.0",""
"Malawi","2010","Female","","","","115.8",""
"Malawi","2010","Male","","","","136.5",""
"Malawi","2004","","","Urban","","116.7",""
"Malawi","2004","","","Rural","","163.8",""
"Malawi","2004","","","","Q1 (Poorest)","182.8",""
"Malawi","2004","","","","Q2","170.6",""
"Malawi","2004","","","","Q3","168.0",""
"Malawi","2004","","","","Q4","146.2",""
"Malawi","2004","","","","Q5 (Richest)","111.4",""
"Malawi","2004","","None","","","181.8",""
"Malawi","2004","","Primary","","","153.5",""
"Malawi","2004","","Secondary or higher","","","87.2",""
"Malawi","2004","Female","","","","149.5",""
"Malawi","2004","Male","","","","165.5",""
"Malawi","2000","","","Urban","","146.4",""
"Malawi","2000","","","Rural","","209.5",""
"Malawi","2000","","","","Q1 (Poorest)","236.2",""
"Malawi","2000","","","","Q2","195.0",""
"Malawi","2000","","","","Q3","195.4",""
"Malawi","2000","","","","Q4","214.4",""
"Malawi","2000","","","","Q5 (Richest)","159.1",""
"Malawi","2000","","None","","","212.5",""
"Malawi","2000","","Primary","","","202.2",""
"Malawi","2000","","Secondary or higher","","","118.1",""
"Malawi","2000","Female","","","","198.0",""
"Malawi","2000","Male","","","","205.5",""
"Maldives","2009","","","Urban","","23.0",""
"Maldives","2009","","","Rural","","28.2",""
"Maldives","2009","","","","Q1 (Poorest)","28.2",""
"Maldives","2009","","","","Q2","31.4",""
"Maldives","2009","","","","Q3","33.0",""
"Maldives","2009","","","","Q4","18.3",""
"Maldives","2009","","","","Q5 (Richest)","20.6",""
"Maldives","2009","","None","","","47.2",""
"Maldives","2009","","Primary","","","27.5",""
"Maldives","2009","","Secondary or higher","","","12.2",""
"Maldives","2009","Female","","","","25.0",""
"Maldives","2009","Male","","","","28.7",""
"Mali","2006","","","Urban","","156.3",""
"Mali","2006","","","Rural","","234.0",""
"Mali","2006","","","","Q1 (Poorest)","232.9",""
"Mali","2006","","","","Q2","241.2",""
"Mali","2006","","","","Q3","225.1",""
"Mali","2006","","","","Q4","225.5",""
"Mali","2006","","","","Q5 (Richest)","122.9",""
"Mali","2006","","None","","","222.8",""
"Mali","2006","","Primary","","","174.6",""
"Mali","2006","","Secondary or higher","","","102.4",""
"Mali","2006","Female","","","","206.3",""
"Mali","2006","Male","","","","221.7",""
"Mali","2001","","","Urban","","184.8",""
"Mali","2001","","","Rural","","253.6",""
"Mali","2001","","","","Q1 (Poorest)","249.1",""
"Mali","2001","","","","Q2","265.0",""
"Mali","2001","","","","Q3","260.8",""
"Mali","2001","","","","Q4","244.2",""
"Mali","2001","","","","Q5 (Richest)","148.8",""
"Mali","2001","","None","","","247.3",""
"Mali","2001","","Primary","","","219.7",""
"Mali","2001","","Secondary or higher","","","89.4",""
"Mali","2001","Female","","","","226.9",""
"Mali","2001","Male","","","","249.8",""
"Morocco","2003","","","Urban","","38.1",""
"Morocco","2003","","","Rural","","69.3",""
"Morocco","2003","","","","Q1 (Poorest)","77.6",""
"Morocco","2003","","","","Q2","65.5",""
"Morocco","2003","","","","Q3","46.5",""
"Morocco","2003","","","","Q4","37.2",""
"Morocco","2003","","","","Q5 (Richest)","26.1",""
"Morocco","2003","","None","","","62.8",""
"Morocco","2003","","Primary","","","42.2",""
"Morocco","2003","","Secondary or higher","","","27.0",""
"Morocco","2003","Female","","","","47.8",""
"Morocco","2003","Male","","","","59.2",""
"Mozambique","2003","","","Urban","","142.9",""
"Mozambique","2003","","","Rural","","191.6",""
"Mozambique","2003","","","","Q1 (Poorest)","195.9",""
"Mozambique","2003","","","","Q2","200.3",""
"Mozambique","2003","","","","Q3","202.7",""
"Mozambique","2003","","","","Q4","154.0",""
"Mozambique","2003","","","","Q5 (Richest)","107.2",""
"Mozambique","2003","","None","","","200.4",""
"Mozambique","2003","","Primary","","","162.1",""
"Mozambique","2003","","Secondary or higher","","","83.8",""
"Mozambique","2003","Female","","","","175.9",""
"Mozambique","2003","Male","","","","179.8",""
"Namibia","2006","","","Urban","","60.3",""
"Namibia","2006","","","Rural","","75.3",""
"Namibia","2006","","","","Q1 (Poorest)","90.4",""
"Namibia","2006","","","","Q2","74.1",""
"Namibia","2006","","","","Q3","68.0",""
"Namibia","2006","","","","Q4","72.7",""
"Namibia","2006","","","","Q5 (Richest)","29.6",""
"Namibia","2006","","None","","","78.0",""
"Namibia","2006","","Primary","","","88.7",""
"Namibia","2006","","Secondary or higher","","","54.5",""
"Namibia","2006","Female","","","","57.9",""
"Namibia","2006","Male","","","","79.7",""
"Namibia","2000","","","Urban","","50.1",""
"Namibia","2000","","","Rural","","65.8",""
"Namibia","2000","","","","Q1 (Poorest)","59.8",""
"Namibia","2000","","","","Q2","86.6",""
"Namibia","2000","","","","Q3","63.1",""
"Namibia","2000","","","","Q4","61.7",""
"Namibia","2000","","","","Q5 (Richest)","29.4",""
"Namibia","2000","","None","","","81.6",""
"Namibia","2000","","Primary","","","66.7",""
"Namibia","2000","","Secondary or higher","","","47.5",""
"Namibia","2000","Female","","","","53.6",""
"Namibia","2000","Male","","","","66.9",""
"Nepal","2011","","","Urban","","45.0",""
"Nepal","2011","","","Rural","","64.2",""
"Nepal","2011","","","","Q1 (Poorest)","74.3",""
"Nepal","2011","","","","Q2","66.6",""
"Nepal","2011","","","","Q3","63.6",""
"Nepal","2011","","","","Q4","59.9",""
"Nepal","2011","","","","Q5 (Richest)","35.1",""
"Nepal","2011","","None","","","73.1",""
"Nepal","2011","","Primary","","","61.5",""
"Nepal","2011","","Secondary or higher","","","39.8",""
"Nepal","2011","Female","","","","62.2",""
"Nepal","2011","Male","","","","62.2",""
"Nepal","2006","","","Urban","","46.8",""
"Nepal","2006","","","Rural","","82.6",""
"Nepal","2006","","","","Q1 (Poorest)","97.4",""
"Nepal","2006","","","","Q2","81.4",""
"Nepal","2006","","","","Q3","89.5",""
"Nepal","2006","","","","Q4","62.3",""
"Nepal","2006","","","","Q5 (Richest)","46.9",""
"Nepal","2006","","None","","","91.9",""
"Nepal","2006","","Primary","","","67.1",""
"Nepal","2006","","Secondary or higher","","","31.8",""
"Nepal","2006","Female","","","","77.9",""
"Nepal","2006","Male","","","","78.7",""
"Nepal","2001","","","Urban","","64.8",""
"Nepal","2001","","","Rural","","111.5",""
"Nepal","2001","","","","Q1 (Poorest)","130.6",""
"Nepal","2001","","","","Q2","124.6",""
"Nepal","2001","","","","Q3","102.1",""
"Nepal","2001","","","","Q4","95.9",""
"Nepal","2001","","","","Q5 (Richest)","67.7",""
"Nepal","2001","","None","","","120.3",""
"Nepal","2001","","Primary","","","73.4",""
"Nepal","2001","","Secondary or higher","","","49.6",""
"Nepal","2001","Female","","","","112.1",""
"Nepal","2001","Male","","","","104.1",""
"Nicaragua","2001","","","Urban","","33.3",""
"Nicaragua","2001","","","Rural","","55.2",""
"Nicaragua","2001","","","","Q1 (Poorest)","64.0",""
"Nicaragua","2001","","","","Q2","52.1",""
"Nicaragua","2001","","","","Q3","38.4",""
"Nicaragua","2001","","","","Q4","31.8",""
"Nicaragua","2001","","","","Q5 (Richest)","18.4",""
"Nicaragua","2001","","None","","","71.5",""
"Nicaragua","2001","","Primary","","","43.0",""
"Nicaragua","2001","","Secondary or higher","","","23.9",""
"Nicaragua","2001","Female","","","","40.2",""
"Nicaragua","2001","Male","","","","48.1",""
"Niger","2006","","","Urban","","139.1",""
"Niger","2006","","","Rural","","229.3",""
"Niger","2006","","","","Q1 (Poorest)","203.7",""
"Niger","2006","","","","Q2","231.4",""
"Niger","2006","","","","Q3","239.9",""
"Niger","2006","","","","Q4","245.4",""
"Niger","2006","","","","Q5 (Richest)","154.2",""
"Niger","2006","","None","","","221.0",""
"Niger","2006","","Primary","","","209.6",""
"Niger","2006","","Secondary or higher","","","90.5",""
"Niger","2006","Female","","","","213.0",""
"Niger","2006","Male","","","","220.2",""
"Nigeria","2008","","","Urban","","121.6",""
"Nigeria","2008","","","Rural","","190.0",""
"Nigeria","2008","","","","Q1 (Poorest)","217.3",""
"Nigeria","2008","","","","Q2","211.1",""
"Nigeria","2008","","","","Q3","164.6",""
"Nigeria","2008","","","","Q4","129.7",""
"Nigeria","2008","","","","Q5 (Richest)","87.7",""
"Nigeria","2008","","None","","","208.8",""
"Nigeria","2008","","Primary","","","158.8",""
"Nigeria","2008","","Secondary or higher","","","107.2",""
"Nigeria","2008","Female","","","","166.4",""
"Nigeria","2008","Male","","","","174.7",""
"Nigeria","2003","","","Urban","","152.4",""
"Nigeria","2003","","","Rural","","242.1",""
"Nigeria","2003","","","","Q1 (Poorest)","254.0",""
"Nigeria","2003","","","","Q2","294.2",""
"Nigeria","2003","","","","Q3","215.7",""
"Nigeria","2003","","","","Q4","177.4",""
"Nigeria","2003","","","","Q5 (Richest)","79.6",""
"Nigeria","2003","","None","","","268.6",""
"Nigeria","2003","","Primary","","","186.3",""
"Nigeria","2003","","Secondary or higher","","","107.6",""
"Nigeria","2003","Female","","","","211.2",""
"Nigeria","2003","Male","","","","221.8",""
"Pakistan","2006","","","Urban","","78.1",""
"Pakistan","2006","","","Rural","","99.6",""
"Pakistan","2006","","","","Q1 (Poorest)","120.1",""
"Pakistan","2006","","","","Q2","102.7",""
"Pakistan","2006","","","","Q3","90.2",""
"Pakistan","2006","","","","Q4","79.4",""
"Pakistan","2006","","","","Q5 (Richest)","59.4",""
"Pakistan","2006","","None","","","102.3",""
"Pakistan","2006","","Primary","","","83.7",""
"Pakistan","2006","","Secondary or higher","","","62.2",""
"Pakistan","2006","Female","","","","93.5",""
"Pakistan","2006","Male","","","","93.0",""
"Peru","2004","","","Urban","","31.1","2"
"Peru","2004","","","Rural","","54.6","2"
"Peru","2004","","","","Q1 (Poorest)","63.7","2"
"Peru","2004","","","","Q2","53.6","2"
"Peru","2004","","","","Q3","39.4","2"
"Peru","2004","","","","Q4","25.3","2"
"Peru","2004","","","","Q5 (Richest)","4.0","2"
"Peru","2004","","None","","","51.3","3"
"Peru","2004","","Primary","","","56.0","2"
"Peru","2004","","Secondary or higher","","","30.0","2"
"Peru","2004","Female","","","","35.8","2"
"Peru","2004","Male","","","","46.9","2"
"Peru","2000","","","Urban","","38.7",""
"Peru","2000","","","Rural","","84.1",""
"Peru","2000","","","","Q1 (Poorest)","91.1",""
"Peru","2000","","","","Q2","74.5",""
"Peru","2000","","","","Q3","44.0",""
"Peru","2000","","","","Q4","34.1",""
"Peru","2000","","","","Q5 (Richest)","17.2",""
"Peru","2000","","None","","","105.4",""
"Peru","2000","","Primary","","","75.6",""
"Peru","2000","","Secondary or higher","","","34.7",""
"Peru","2000","Female","","","","55.6",""
"Peru","2000","Male","","","","63.5",""
"Philippines","2008","","","Urban","","27.7",""
"Philippines","2008","","","Rural","","46.3",""
"Philippines","2008","","","","Q1 (Poorest)","58.6",""
"Philippines","2008","","","","Q2","38.0",""
"Philippines","2008","","","","Q3","31.6",""
"Philippines","2008","","","","Q4","26.9",""
"Philippines","2008","","","","Q5 (Richest)","17.1",""
"Philippines","2008","","None","","","135.0","1"
"Philippines","2008","","Primary","","","47.2",""
"Philippines","2008","","Secondary or higher","","","30.1",""
"Philippines","2008","Female","","","","33.6",""
"Philippines","2008","Male","","","","40.6",""
"Philippines","2003","","","Urban","","30.3",""
"Philippines","2003","","","Rural","","51.7",""
"Philippines","2003","","","","Q1 (Poorest)","65.6",""
"Philippines","2003","","","","Q2","46.6",""
"Philippines","2003","","","","Q3","31.4",""
"Philippines","2003","","","","Q4","25.7",""
"Philippines","2003","","","","Q5 (Richest)","20.9",""
"Philippines","2003","","None","","","103.4","1"
"Philippines","2003","","Primary","","","61.6",""
"Philippines","2003","","Secondary or higher","","","28.5",""
"Philippines","2003","Female","","","","34.0",""
"Philippines","2003","Male","","","","48.1",""
"Republic of Moldova","2005","","","Urban","","20.6",""
"Republic of Moldova","2005","","","Rural","","29.4",""
"Republic of Moldova","2005","","","","Q1 (Poorest)","28.0",""
"Republic of Moldova","2005","","","","Q2","28.2",""
"Republic of Moldova","2005","","","","Q3","33.7",""
"Republic of Moldova","2005","","","","Q4","22.8",""
"Republic of Moldova","2005","","","","Q5 (Richest)","17.3",""
"Republic of Moldova","2005","","Secondary or higher","","","26.6",""
"Republic of Moldova","2005","Female","","","","19.7",""
"Republic of Moldova","2005","Male","","","","32.5",""
"Rwanda","2010","","","Urban","","80.4",""
"Rwanda","2010","","","Rural","","102.8",""
"Rwanda","2010","","","","Q1 (Poorest)","115.4",""
"Rwanda","2010","","","","Q2","100.6",""
"Rwanda","2010","","","","Q3","102.9",""
"Rwanda","2010","","","","Q4","102.0",""
"Rwanda","2010","","","","Q5 (Richest)","75.0",""
"Rwanda","2010","","None","","","123.4",""
"Rwanda","2010","","Primary","","","97.4",""
"Rwanda","2010","","Secondary or higher","","","62.9",""
"Rwanda","2010","Female","","","","96.0",""
"Rwanda","2010","Male","","","","104.2",""
"Rwanda","2005","","","Urban","","119.7",""
"Rwanda","2005","","","Rural","","190.6",""
"Rwanda","2005","","","","Q1 (Poorest)","210.6",""
"Rwanda","2005","","","","Q2","191.5",""
"Rwanda","2005","","","","Q3","168.0",""
"Rwanda","2005","","","","Q4","202.4",""
"Rwanda","2005","","","","Q5 (Richest)","120.5",""
"Rwanda","2005","","None","","","208.6",""
"Rwanda","2005","","Primary","","","177.7",""
"Rwanda","2005","","Secondary or higher","","","93.7",""
"Rwanda","2005","Female","","","","175.8",""
"Rwanda","2005","Male","","","","185.3",""
"Rwanda","2000","","","Urban","","142.7",""
"Rwanda","2000","","","Rural","","217.7",""
"Rwanda","2000","","","","Q1 (Poorest)","248.9",""
"Rwanda","2000","","","","Q2","217.1",""
"Rwanda","2000","","","","Q3","212.0",""
"Rwanda","2000","","","","Q4","209.2",""
"Rwanda","2000","","","","Q5 (Richest)","156.1",""
"Rwanda","2000","","None","","","233.6",""
"Rwanda","2000","","Primary","","","202.3",""
"Rwanda","2000","","Secondary or higher","","","117.5",""
"Rwanda","2000","Female","","","","199.1",""
"Rwanda","2000","Male","","","","217.3",""
"Sao Tome and Principe","2008","","","Urban","","74.2",""
"Sao Tome and Principe","2008","","","Rural","","66.6",""
"Sao Tome and Principe","2008","","","","Q1 (Poorest)","85.7",""
"Sao Tome and Principe","2008","","","","Q2","72.1",""
"Sao Tome and Principe","2008","","","","Q3","74.4",""
"Sao Tome and Principe","2008","","","","Q4","82.8",""
"Sao Tome and Principe","2008","","","","Q5 (Richest)","27.8",""
"Sao Tome and Principe","2008","","Primary","","","71.0",""
"Sao Tome and Principe","2008","","Secondary or higher","","","46.1",""
"Sao Tome and Principe","2008","Female","","","","54.5",""
"Sao Tome and Principe","2008","Male","","","","85.8",""
"Senegal","2010","","","Urban","","61.4",""
"Senegal","2010","","","Rural","","100.5",""
"Senegal","2010","","","","Q1 (Poorest)","117.5",""
"Senegal","2010","","","","Q2","93.0",""
"Senegal","2010","","","","Q3","79.5",""
"Senegal","2010","","","","Q4","68.7",""
"Senegal","2010","","","","Q5 (Richest)","54.2",""
"Senegal","2010","","None","","","95.8",""
"Senegal","2010","","Primary","","","62.9",""
"Senegal","2010","","Secondary or higher","","","36.6",""
"Senegal","2010","Female","","","","81.9",""
"Senegal","2010","Male","","","","89.5",""
"Senegal","2005","","","Urban","","90.2",""
"Senegal","2005","","","Rural","","159.5",""
"Senegal","2005","","","","Q1 (Poorest)","181.6",""
"Senegal","2005","","","","Q2","164.9",""
"Senegal","2005","","","","Q3","134.8",""
"Senegal","2005","","","","Q4","91.4",""
"Senegal","2005","","","","Q5 (Richest)","65.0",""
"Senegal","2005","","None","","","151.2",""
"Senegal","2005","","Primary","","","93.0",""
"Senegal","2005","","Secondary or higher","","","60.3",""
"Senegal","2005","Female","","","","127.0",""
"Senegal","2005","Male","","","","142.0",""
"Sierra Leone","2008","","","Urban","","167.2",""
"Sierra Leone","2008","","","Rural","","168.0",""
"Sierra Leone","2008","","","","Q1 (Poorest)","211.7",""
"Sierra Leone","2008","","","","Q2","153.5",""
"Sierra Leone","2008","","","","Q3","157.7",""
"Sierra Leone","2008","","","","Q4","161.8",""
"Sierra Leone","2008","","","","Q5 (Richest)","144.4",""
"Sierra Leone","2008","","None","","","169.8",""
"Sierra Leone","2008","","Primary","","","186.7",""
"Sierra Leone","2008","","Secondary or higher","","","131.9",""
"Sierra Leone","2008","Female","","","","159.6",""
"Sierra Leone","2008","Male","","","","176.0",""
"Swaziland","2006","","","Urban","","108.3",""
"Swaziland","2006","","","Rural","","105.8",""
"Swaziland","2006","","","","Q1 (Poorest)","119.6",""
"Swaziland","2006","","","","Q2","98.5",""
"Swaziland","2006","","","","Q3","96.9",""
"Swaziland","2006","","","","Q4","116.0",""
"Swaziland","2006","","","","Q5 (Richest)","101.6",""
"Swaziland","2006","","None","","","151.2",""
"Swaziland","2006","","Primary","","","106.4",""
"Swaziland","2006","","Secondary or higher","","","95.8",""
"Swaziland","2006","Female","","","","103.9",""
"Swaziland","2006","Male","","","","108.7",""
"Timor-Leste","2009","","","Urban","","59.4",""
"Timor-Leste","2009","","","Rural","","86.1",""
"Timor-Leste","2009","","","","Q1 (Poorest)","86.8",""
"Timor-Leste","2009","","","","Q2","93.5",""
"Timor-Leste","2009","","","","Q3","88.1",""
"Timor-Leste","2009","","","","Q4","79.7",""
"Timor-Leste","2009","","","","Q5 (Richest)","51.8",""
"Timor-Leste","2009","","None","","","88.7",""
"Timor-Leste","2009","","Primary","","","83.5",""
"Timor-Leste","2009","","Secondary or higher","","","66.2",""
"Timor-Leste","2009","Female","","","","75.8",""
"Timor-Leste","2009","Male","","","","83.4",""
"Turkey","2003","","","Urban","","38.1",""
"Turkey","2003","","","Rural","","63.0",""
"Turkey","2003","","","","Q1 (Poorest)","80.0",""
"Turkey","2003","","","","Q2","50.5",""
"Turkey","2003","","","","Q3","37.3",""
"Turkey","2003","","","","Q4","29.7",""
"Turkey","2003","","","","Q5 (Richest)","22.4",""
"Turkey","2003","","None","","","78.1",""
"Turkey","2003","","Primary","","","41.8",""
"Turkey","2003","","Secondary or higher","","","24.4",""
"Turkey","2003","Female","","","","44.8",""
"Turkey","2003","Male","","","","48.2",""
"Uganda","2006","","","Urban","","116.6",""
"Uganda","2006","","","Rural","","147.7",""
"Uganda","2006","","","","Q1 (Poorest)","165.0",""
"Uganda","2006","","","","Q2","148.1",""
"Uganda","2006","","","","Q3","150.0",""
"Uganda","2006","","","","Q4","137.2",""
"Uganda","2006","","","","Q5 (Richest)","111.4",""
"Uganda","2006","","None","","","164.7",""
"Uganda","2006","","Primary","","","145.1",""
"Uganda","2006","","Secondary or higher","","","91.9",""
"Uganda","2006","Female","","","","129.1",""
"Uganda","2006","Male","","","","159.0",""
"Uganda","2000","","","Urban","","99.0",""
"Uganda","2000","","","Rural","","163.1",""
"Uganda","2000","","None","","","185.9",""
"Uganda","2000","","Primary","","","153.8",""
"Uganda","2000","","Secondary or higher","","","92.8",""
"Uganda","2000","Female","","","","148.7",""
"Uganda","2000","Male","","","","163.3",""
"Ukraine","2007","","","Urban","","18.4",""
"Ukraine","2007","","","Rural","","19.3",""
"Ukraine","2007","","","","Q1 (Poorest)","22.6","1"
"Ukraine","2007","","","","Q2","17.7",""
"Ukraine","2007","","","","Q3","23.0","1"
"Ukraine","2007","","","","Q4","25.4","1"
"Ukraine","2007","","","","Q5 (Richest)","8.6",""
"Ukraine","2007","","Secondary or higher","","","18.8",""
"Ukraine","2007","Female","","","","13.4",""
"Ukraine","2007","Male","","","","23.4",""
"United Republic of Tanzania","2010","","","Urban","","94.6",""
"United Republic of Tanzania","2010","","","Rural","","91.5",""
"United Republic of Tanzania","2010","","","","Q1 (Poorest)","103.6",""
"United Republic of Tanzania","2010","","","","Q2","92.2",""
"United Republic of Tanzania","2010","","","","Q3","90.2",""
"United Republic of Tanzania","2010","","","","Q4","86.8",""
"United Republic of Tanzania","2010","","","","Q5 (Richest)","84.3",""
"United Republic of Tanzania","2010","","None","","","96.5",""
"United Republic of Tanzania","2010","","Primary","","","91.8",""
"United Republic of Tanzania","2010","","Secondary or higher","","","74.0",""
"United Republic of Tanzania","2010","Female","","","","87.6",""
"United Republic of Tanzania","2010","Male","","","","96.6",""
"United Republic of Tanzania","2004","","","Urban","","108.9",""
"United Republic of Tanzania","2004","","","Rural","","137.3",""
"United Republic of Tanzania","2004","","","","Q1 (Poorest)","133.9",""
"United Republic of Tanzania","2004","","","","Q2","156.3",""
"United Republic of Tanzania","2004","","","","Q3","146.7",""
"United Republic of Tanzania","2004","","","","Q4","117.4",""
"United Republic of Tanzania","2004","","","","Q5 (Richest)","94.1",""
"United Republic of Tanzania","2004","","None","","","159.0",""
"United Republic of Tanzania","2004","","Primary","","","124.0",""
"United Republic of Tanzania","2004","","Secondary or higher","","","76.5",""
"United Republic of Tanzania","2004","Female","","","","129.0",""
"United Republic of Tanzania","2004","Male","","","","134.3",""
"Viet Nam","2002","","","Urban","","15.8",""
"Viet Nam","2002","","","Rural","","35.3",""
"Viet Nam","2002","","","","Q1 (Poorest)","53.0",""
"Viet Nam","2002","","","","Q2","38.1",""
"Viet Nam","2002","","","","Q3","22.8",""
"Viet Nam","2002","","","","Q4","21.8",""
"Viet Nam","2002","","","","Q5 (Richest)","15.3",""
"Viet Nam","2002","","None","","","64.2",""
"Viet Nam","2002","","Primary","","","31.0",""
"Viet Nam","2002","","Secondary or higher","","","28.3",""
"Viet Nam","2002","Female","","","","30.8",""
"Viet Nam","2002","Male","","","","34.2",""
"Zambia","2007","","","Urban","","131.4",""
"Zambia","2007","","","Rural","","138.3",""
"Zambia","2007","","","","Q1 (Poorest)","123.8",""
"Zambia","2007","","","","Q2","145.4",""
"Zambia","2007","","","","Q3","155.8",""
"Zambia","2007","","","","Q4","140.6",""
"Zambia","2007","","","","Q5 (Richest)","108.4",""
"Zambia","2007","","None","","","145.5",""
"Zambia","2007","","Primary","","","145.1",""
"Zambia","2007","","Secondary or higher","","","103.6",""
"Zambia","2007","Female","","","","121.9",""
"Zambia","2007","Male","","","","151.0",""
"Zambia","2001","","","Urban","","138.5",""
"Zambia","2001","","","Rural","","182.6",""
"Zambia","2001","","","","Q1 (Poorest)","191.5",""
"Zambia","2001","","","","Q2","182.4",""
"Zambia","2001","","","","Q3","196.7",""
"Zambia","2001","","","","Q4","162.0",""
"Zambia","2001","","","","Q5 (Richest)","91.4",""
"Zambia","2001","","None","","","198.8",""
"Zambia","2001","","Primary","","","176.8",""
"Zambia","2001","","Secondary or higher","","","120.2",""
"Zambia","2001","Female","","","","159.5",""
"Zambia","2001","Male","","","","175.4",""
"Zimbabwe","2010","","","Urban","","77.4",""
"Zimbabwe","2010","","","Rural","","78.2",""
"Zimbabwe","2010","","","","Q1 (Poorest)","86.0",""
"Zimbabwe","2010","","","","Q2","88.4",""
"Zimbabwe","2010","","","","Q3","81.5",""
"Zimbabwe","2010","","","","Q4","71.6",""
"Zimbabwe","2010","","","","Q5 (Richest)","57.2",""
"Zimbabwe","2010","","Primary","","","89.3",""
"Zimbabwe","2010","","Secondary or higher","","","70.8",""
"Zimbabwe","2010","Female","","","","68.4",""
"Zimbabwe","2010","Male","","","","87.6",""
"Zimbabwe","2005","","","Urban","","63.5",""
"Zimbabwe","2005","","","Rural","","71.9",""
"Zimbabwe","2005","","","","Q1 (Poorest)","72.7",""
"Zimbabwe","2005","","","","Q2","72.6",""
"Zimbabwe","2005","","","","Q3","75.7",""
"Zimbabwe","2005","","","","Q4","67.3",""
"Zimbabwe","2005","","","","Q5 (Richest)","57.2",""
"Zimbabwe","2005","","None","","","71.4",""
"Zimbabwe","2005","","Primary","","","70.8",""
"Zimbabwe","2005","","Secondary or higher","","","67.6",""
"Zimbabwe","2005","Female","","","","67.7",""
"Zimbabwe","2005","Male","","","","71.1",""

"footnoteSeqID","Footnote"
"1","Attention. Low sample size- Estimate is based on 250-499 unweighted person-years of exposure to the risk of death."
"2","Continuous DHS 2004-2008."
"3","Continuous DHS 2004-2008. Attention. Low sample size- Estimate is based on 250-499 unweighted person-years of exposure to the risk of death."
